n,date,day-week,day-month,val,weekend,holiday,sequia,,,,,,,,,,,,,,,,,
1,1/1/2007,lunes,1,2012.89,0,1,0,,,,,,,,,,,,,,,,,
2,2/1/2007,martes,2,2083.15,0,0,0,,,,,,,,,,,,,,,,,
3,3/1/2007,miércoles,3,2159.67,0,0,0,,,,,,,,,,,,,,,,,
4,4/1/2007,jueves,4,2179.24,0,0,0,,,,,,,,,,,,,,,,,
5,5/1/2007,viernes,5,2225.76,0,0,0,,,,,,,,,,,,,,,,,
6,6/1/2007,sábado,6,2212.22,1,0,0,,,,,,,,,,,,,,,,,
7,7/1/2007,domingo,7,2279.68,1,0,0,,,,,,,,,,,,,,,,,
8,8/1/2007,lunes,8,2237.22,0,0,0,,,,,,,,,,,,,,,,,
9,9/1/2007,martes,9,2209.97,0,0,0,,,,,,,,,,,,,,,,,
10,10/1/2007,miércoles,10,2256.65,0,0,0,,,,,,,,,,,,,,,,,
11,11/1/2007,jueves,11,2231.36,0,0,0,,,,,,,,,,,,,,,,,
12,12/1/2007,viernes,12,2271.19,0,0,0,,,,,,,,,,,,,,,,,
13,13/1/2007,sábado,13,2263.81,1,0,0,,,,,,,,,,,,,,,,,
14,14/1/2007,domingo,14,2282.10,1,0,0,,,,,,,,,,,,,,,,,
15,15/1/2007,lunes,15,2240.29,0,0,0,,,,,,,,,,,,,,,,,
16,16/1/2007,martes,16,2232.26,0,0,0,,,,,,,,,,,,,,,,,
17,17/1/2007,miércoles,17,2192.71,0,0,0,,,,,,,,,,,,,,,,,
18,18/1/2007,jueves,18,2201.69,0,0,0,,,,,,,,,,,,,,,,,
19,19/1/2007,viernes,19,2245.95,0,0,0,,,,,,,,,,,,,,,,,
20,20/1/2007,sábado,20,2217.50,1,0,0,,,,,,,,,,,,,,,,,
21,21/1/2007,domingo,21,2174.55,1,0,0,,,,,,,,,,,,,,,,,
22,22/1/2007,lunes,22,2245.84,0,0,0,,,,,,,,,,,,,,,,,
23,23/1/2007,martes,23,2272.58,0,0,0,,,,,,,,,,,,,,,,,
24,24/1/2007,miércoles,24,2286.98,0,0,0,,,,,,,,,,,,,,,,,
25,25/1/2007,jueves,25,2259.99,0,0,0,,,,,,,,,,,,,,,,,
26,26/1/2007,viernes,26,2244.47,0,0,0,,,,,,,,,,,,,,,,,
27,27/1/2007,sábado,27,2227.73,1,0,0,,,,,,,,,,,,,,,,,
28,28/1/2007,domingo,28,2234.13,1,0,0,,,,,,,,,,,,,,,,,
29,29/1/2007,lunes,29,2086.33,0,0,0,,,,,,,,,,,,,,,,,
30,30/1/2007,martes,30,2157.64,0,0,0,,,,,,,,,,,,,,,,,
31,31/1/2007,miércoles,31,2300.54,0,0,0,,,,,,,,,,,,,,,,,
32,1/2/2007,jueves,1,2302.91,0,0,0,,,,,,,,,,,,,,,,,
33,2/2/2007,viernes,2,2310.00,0,0,0,,,,,,,,,,,,,,,,,
34,3/2/2007,sábado,3,2134.31,1,0,0,,,,,,,,,,,,,,,,,
35,4/2/2007,domingo,4,2152.63,1,0,0,,,,,,,,,,,,,,,,,
36,5/2/2007,lunes,5,2202.04,0,0,0,,,,,,,,,,,,,,,,,
37,6/2/2007,martes,6,2277.57,0,0,0,,,,,,,,,,,,,,,,,
38,7/2/2007,miércoles,7,2272.03,0,0,0,,,,,,,,,,,,,,,,,
39,8/2/2007,jueves,8,2316.11,0,0,0,,,,,,,,,,,,,,,,,
40,9/2/2007,viernes,9,2252.06,0,0,0,,,,,,,,,,,,,,,,,
41,10/2/2007,sábado,10,2198.37,1,0,0,,,,,,,,,,,,,,,,,
42,11/2/2007,domingo,11,2189.29,1,0,0,,,,,,,,,,,,,,,,,
43,12/2/2007,lunes,12,2186.47,0,0,0,,,,,,,,,,,,,,,,,
44,13/2/2007,martes,13,2152.50,0,0,0,,,,,,,,,,,,,,,,,
45,14/2/2007,miércoles,14,2134.64,0,0,0,,,,,,,,,,,,,,,,,
46,15/2/2007,jueves,15,2190.53,0,0,0,,,,,,,,,,,,,,,,,
47,16/2/2007,viernes,16,2281.03,0,0,0,,,,,,,,,,,,,,,,,
48,17/2/2007,sábado,17,2166.34,1,0,0,,,,,,,,,,,,,,,,,
49,18/2/2007,domingo,18,2170.96,1,0,0,,,,,,,,,,,,,,,,,
50,19/2/2007,lunes,19,2194.25,0,1,0,,,,,,,,,,,,,,,,,
51,20/2/2007,martes,20,2215.03,0,1,0,,,,,,,,,,,,,,,,,
52,21/2/2007,miércoles,21,2293.76,0,0,0,,,,,,,,,,,,,,,,,
53,22/2/2007,jueves,22,2269.85,0,0,0,,,,,,,,,,,,,,,,,
54,23/2/2007,viernes,23,2288.29,0,0,0,,,,,,,,,,,,,,,,,
55,24/2/2007,sábado,24,2172.88,1,0,0,,,,,,,,,,,,,,,,,
56,25/2/2007,domingo,25,2170.96,1,0,0,,,,,,,,,,,,,,,,,
57,26/2/2007,lunes,26,2258.21,0,0,0,,,,,,,,,,,,,,,,,
58,27/2/2007,martes,27,2209.42,0,0,0,,,,,,,,,,,,,,,,,
59,28/2/2007,miércoles,28,2203.33,0,0,0,,,,,,,,,,,,,,,,,
60,1/3/2007,jueves,1,2053.42,0,0,0,,,,,,,,,,,,,,,,,
61,2/3/2007,viernes,2,1997.03,0,0,0,,,,,,,,,,,,,,,,,
62,3/3/2007,sábado,3,2066.99,1,0,0,,,,,,,,,,,,,,,,,
63,4/3/2007,domingo,4,2181.21,1,0,0,,,,,,,,,,,,,,,,,
64,5/3/2007,lunes,5,2076.88,0,0,0,,,,,,,,,,,,,,,,,
65,6/3/2007,martes,6,2089.77,0,0,0,,,,,,,,,,,,,,,,,
66,7/3/2007,miércoles,7,2079.81,0,0,0,,,,,,,,,,,,,,,,,
67,8/3/2007,jueves,8,1835.29,0,0,0,,,,,,,,,,,,,,,,,
68,9/3/2007,viernes,9,2288.17,0,0,0,,,,,,,,,,,,,,,,,
69,10/3/2007,sábado,10,2051.66,1,0,0,,,,,,,,,,,,,,,,,
70,11/3/2007,domingo,11,2271.38,1,0,0,,,,,,,,,,,,,,,,,
71,12/3/2007,lunes,12,2250.12,0,0,0,,,,,,,,,,,,,,,,,
72,13/3/2007,martes,13,2368.53,0,0,0,,,,,,,,,,,,,,,,,
73,14/3/2007,miércoles,14,2268.93,0,0,0,,,,,,,,,,,,,,,,,
74,15/3/2007,jueves,15,2223.22,0,0,0,,,,,,,,,,,,,,,,,
75,16/3/2007,viernes,16,2288.41,0,0,0,,,,,,,,,,,,,,,,,
76,17/3/2007,sábado,17,2313.89,1,0,0,,,,,,,,,,,,,,,,,
77,18/3/2007,domingo,18,2328.79,1,0,0,,,,,,,,,,,,,,,,,
78,19/3/2007,lunes,19,2266.30,0,0,0,,,,,,,,,,,,,,,,,
79,20/3/2007,martes,20,2050.30,0,0,0,,,,,,,,,,,,,,,,,
80,21/3/2007,miércoles,21,1890.69,0,0,0,,,,,,,,,,,,,,,,,
81,22/3/2007,jueves,22,1902.03,0,0,0,,,,,,,,,,,,,,,,,
82,23/3/2007,viernes,23,1899.14,0,0,0,,,,,,,,,,,,,,,,,
83,24/3/2007,sábado,24,1964.72,1,0,0,,,,,,,,,,,,,,,,,
84,25/3/2007,domingo,25,1943.46,1,0,0,,,,,,,,,,,,,,,,,
85,26/3/2007,lunes,26,1924.23,0,0,0,,,,,,,,,,,,,,,,,
86,27/3/2007,martes,27,2016.13,0,0,0,,,,,,,,,,,,,,,,,
87,28/3/2007,miércoles,28,2184.39,0,0,0,,,,,,,,,,,,,,,,,
88,29/3/2007,jueves,29,2253.13,0,0,0,,,,,,,,,,,,,,,,,
89,30/3/2007,viernes,30,2095.89,0,0,0,,,,,,,,,,,,,,,,,
90,31/3/2007,sábado,31,2169.27,1,0,0,,,,,,,,,,,,,,,,,
91,1/4/2007,domingo,1,2148.55,1,0,0,,,,,,,,,,,,,,,,,
92,2/4/2007,lunes,2,2229.54,0,0,0,,,,,,,,,,,,,,,,,
93,3/4/2007,martes,3,2163.42,0,0,0,,,,,,,,,,,,,,,,,
94,4/4/2007,miércoles,4,2127.81,0,0,0,,,,,,,,,,,,,,,,,
95,5/4/2007,jueves,5,2130.75,0,0,0,,,,,,,,,,,,,,,,,
96,6/4/2007,viernes,6,1882.10,0,1,0,,,,,,,,,,,,,,,,,
97,7/4/2007,sábado,7,1963.67,1,0,0,,,,,,,,,,,,,,,,,
98,8/4/2007,domingo,8,1943.03,1,0,0,,,,,,,,,,,,,,,,,
99,9/4/2007,lunes,9,2016.56,0,0,0,,,,,,,,,,,,,,,,,
100,10/4/2007,martes,10,2061.89,0,0,0,,,,,,,,,,,,,,,,,
101,11/4/2007,miércoles,11,2154.01,0,0,0,,,,,,,,,,,,,,,,,
102,12/4/2007,jueves,12,2094.78,0,0,0,,,,,,,,,,,,,,,,,
103,13/4/2007,viernes,13,1997.94,0,0,0,,,,,,,,,,,,,,,,,
104,14/4/2007,sábado,14,2047.52,1,0,0,,,,,,,,,,,,,,,,,
105,15/4/2007,domingo,15,1717.61,1,0,0,,,,,,,,,,,,,,,,,
106,16/4/2007,lunes,16,2098.90,0,0,0,,,,,,,,,,,,,,,,,
107,17/4/2007,martes,17,2044.92,0,0,0,,,,,,,,,,,,,,,,,
108,18/4/2007,miércoles,18,2130.54,0,0,0,,,,,,,,,,,,,,,,,
109,19/4/2007,jueves,19,2018.13,0,0,0,,,,,,,,,,,,,,,,,
110,20/4/2007,viernes,20,2022.21,0,0,0,,,,,,,,,,,,,,,,,
111,21/4/2007,sábado,21,2097.20,1,0,0,,,,,,,,,,,,,,,,,
112,22/4/2007,domingo,22,2014.51,1,0,0,,,,,,,,,,,,,,,,,
113,23/4/2007,lunes,23,2042.40,0,0,0,,,,,,,,,,,,,,,,,
114,24/4/2007,martes,24,2062.65,0,0,0,,,,,,,,,,,,,,,,,
115,25/4/2007,miércoles,25,2019.09,0,0,0,,,,,,,,,,,,,,,,,
116,26/4/2007,jueves,26,2088.88,0,0,0,,,,,,,,,,,,,,,,,
117,27/4/2007,viernes,27,1970.44,0,0,0,,,,,,,,,,,,,,,,,
118,28/4/2007,sábado,28,2049.43,1,0,0,,,,,,,,,,,,,,,,,
119,29/4/2007,domingo,29,2110.94,1,0,0,,,,,,,,,,,,,,,,,
120,30/4/2007,lunes,30,1749.29,0,0,0,,,,,,,,,,,,,,,,,
121,1/5/2007,martes,1,2081.10,0,1,0,,,,,,,,,,,,,,,,,
122,2/5/2007,miércoles,2,2141.77,0,0,0,,,,,,,,,,,,,,,,,
123,3/5/2007,jueves,3,2187.72,0,0,0,,,,,,,,,,,,,,,,,
124,4/5/2007,viernes,4,2181.22,0,0,0,,,,,,,,,,,,,,,,,
125,5/5/2007,sábado,5,2040.50,1,0,0,,,,,,,,,,,,,,,,,
126,6/5/2007,domingo,6,2126.32,1,0,0,,,,,,,,,,,,,,,,,
127,7/5/2007,lunes,7,2130.51,0,0,0,,,,,,,,,,,,,,,,,
128,8/5/2007,martes,8,2061.92,0,0,0,,,,,,,,,,,,,,,,,
129,9/5/2007,miércoles,9,2096.60,0,0,0,,,,,,,,,,,,,,,,,
130,10/5/2007,jueves,10,2070.12,0,0,0,,,,,,,,,,,,,,,,,
131,11/5/2007,viernes,11,2084.35,0,0,0,,,,,,,,,,,,,,,,,
132,12/5/2007,sábado,12,2065.90,1,0,0,,,,,,,,,,,,,,,,,
133,13/5/2007,domingo,13,2083.16,1,0,0,,,,,,,,,,,,,,,,,
134,14/5/2007,lunes,14,2142.49,0,0,0,,,,,,,,,,,,,,,,,
135,15/5/2007,martes,15,2122.15,0,0,0,,,,,,,,,,,,,,,,,
136,16/5/2007,miércoles,16,2152.20,0,0,0,,,,,,,,,,,,,,,,,
137,17/5/2007,jueves,17,2119.95,0,0,0,,,,,,,,,,,,,,,,,
138,18/5/2007,viernes,18,2088.39,0,0,0,,,,,,,,,,,,,,,,,
139,19/5/2007,sábado,19,2159.07,1,0,0,,,,,,,,,,,,,,,,,
140,20/5/2007,domingo,20,2106.08,1,0,0,,,,,,,,,,,,,,,,,
141,21/5/2007,lunes,21,2118.65,0,0,0,,,,,,,,,,,,,,,,,
142,22/5/2007,martes,22,2059.25,0,0,0,,,,,,,,,,,,,,,,,
143,23/5/2007,miércoles,23,2185.52,0,0,0,,,,,,,,,,,,,,,,,
144,24/5/2007,jueves,24,2094.56,0,1,0,,,,,,,,,,,,,,,,,
145,25/5/2007,viernes,25,1951.21,0,0,0,,,,,,,,,,,,,,,,,
146,26/5/2007,sábado,26,2157.80,1,0,0,,,,,,,,,,,,,,,,,
147,27/5/2007,domingo,27,2102.07,1,0,0,,,,,,,,,,,,,,,,,
148,28/5/2007,lunes,28,2035.02,0,0,0,,,,,,,,,,,,,,,,,
149,29/5/2007,martes,29,2225.17,0,0,0,,,,,,,,,,,,,,,,,
150,30/5/2007,miércoles,30,2121.06,0,0,0,,,,,,,,,,,,,,,,,
151,31/5/2007,jueves,31,2180.61,0,0,0,,,,,,,,,,,,,,,,,
152,1/6/2007,viernes,1,2111.79,0,0,1,,,,,,,,,,,,,,,,,
153,2/6/2007,sábado,2,2048.56,1,0,1,,,,,,,,,,,,,,,,,
154,3/6/2007,domingo,3,2172.37,1,0,1,,,,,,,,,,,,,,,,,
155,4/6/2007,lunes,4,2142.48,0,0,1,,,,,,,,,,,,,,,,,
156,5/6/2007,martes,5,2243.64,0,0,1,,,,,,,,,,,,,,,,,
157,6/6/2007,miércoles,6,2120.47,0,0,1,,,,,,,,,,,,,,,,,
158,7/6/2007,jueves,7,2086.88,0,0,1,,,,,,,,,,,,,,,,,
159,8/6/2007,viernes,8,2218.98,0,0,1,,,,,,,,,,,,,,,,,
160,9/6/2007,sábado,9,2295.14,1,0,1,,,,,,,,,,,,,,,,,
161,10/6/2007,domingo,10,2141.72,1,0,1,,,,,,,,,,,,,,,,,
162,11/6/2007,lunes,11,2243.95,0,0,1,,,,,,,,,,,,,,,,,
163,12/6/2007,martes,12,2176.91,0,0,1,,,,,,,,,,,,,,,,,
164,13/6/2007,miércoles,13,2231.73,0,0,1,,,,,,,,,,,,,,,,,
165,14/6/2007,jueves,14,2077.08,0,0,1,,,,,,,,,,,,,,,,,
166,15/6/2007,viernes,15,2122.70,0,0,1,,,,,,,,,,,,,,,,,
167,16/6/2007,sábado,16,2205.35,1,0,1,,,,,,,,,,,,,,,,,
168,17/6/2007,domingo,17,2150.54,1,0,1,,,,,,,,,,,,,,,,,
169,18/6/2007,lunes,18,2139.11,0,0,1,,,,,,,,,,,,,,,,,
170,19/6/2007,martes,19,2267.21,0,0,1,,,,,,,,,,,,,,,,,
171,20/6/2007,miércoles,20,2280.99,0,0,1,,,,,,,,,,,,,,,,,
172,21/6/2007,jueves,21,2277.66,0,0,1,,,,,,,,,,,,,,,,,
173,22/6/2007,viernes,22,2107.75,0,0,1,,,,,,,,,,,,,,,,,
174,23/6/2007,sábado,23,2131.78,1,0,1,,,,,,,,,,,,,,,,,
175,24/6/2007,domingo,24,2141.95,1,0,1,,,,,,,,,,,,,,,,,
176,25/6/2007,lunes,25,2178.39,0,0,1,,,,,,,,,,,,,,,,,
177,26/6/2007,martes,26,2241.31,0,0,1,,,,,,,,,,,,,,,,,
178,27/6/2007,miércoles,27,2165.01,0,0,1,,,,,,,,,,,,,,,,,
179,28/6/2007,jueves,28,2175.49,0,0,1,,,,,,,,,,,,,,,,,
180,29/6/2007,viernes,29,2225.19,0,0,1,,,,,,,,,,,,,,,,,
181,30/6/2007,sábado,30,2256.12,1,0,1,,,,,,,,,,,,,,,,,
182,1/7/2007,domingo,1,2163.98,1,0,1,,,,,,,,,,,,,,,,,
183,2/7/2007,lunes,2,2159.20,0,0,1,,,,,,,,,,,,,,,,,
184,3/7/2007,martes,3,2215.30,0,0,1,,,,,,,,,,,,,,,,,
185,4/7/2007,miércoles,4,2304.63,0,0,1,,,,,,,,,,,,,,,,,
186,5/7/2007,jueves,5,2181.26,0,0,1,,,,,,,,,,,,,,,,,
187,6/7/2007,viernes,6,2288.41,0,0,1,,,,,,,,,,,,,,,,,
188,7/7/2007,sábado,7,2255.66,1,0,1,,,,,,,,,,,,,,,,,
189,8/7/2007,domingo,8,2191.34,1,0,1,,,,,,,,,,,,,,,,,
190,9/7/2007,lunes,9,2202.41,0,0,1,,,,,,,,,,,,,,,,,
191,10/7/2007,martes,10,2199.02,0,0,1,,,,,,,,,,,,,,,,,
192,11/7/2007,miércoles,11,2262.54,0,0,1,,,,,,,,,,,,,,,,,
193,12/7/2007,jueves,12,2286.33,0,0,1,,,,,,,,,,,,,,,,,
194,13/7/2007,viernes,13,2358.65,0,0,1,,,,,,,,,,,,,,,,,
195,14/7/2007,sábado,14,2198.14,1,0,1,,,,,,,,,,,,,,,,,
196,15/7/2007,domingo,15,2215.85,1,0,1,,,,,,,,,,,,,,,,,
197,16/7/2007,lunes,16,2244.27,0,0,1,,,,,,,,,,,,,,,,,
198,17/7/2007,martes,17,2162.42,0,0,1,,,,,,,,,,,,,,,,,
199,18/7/2007,miércoles,18,2241.75,0,0,1,,,,,,,,,,,,,,,,,
200,19/7/2007,jueves,19,2194.64,0,0,1,,,,,,,,,,,,,,,,,
201,20/7/2007,viernes,20,2218.77,0,0,1,,,,,,,,,,,,,,,,,
202,21/7/2007,sábado,21,2113.07,1,0,1,,,,,,,,,,,,,,,,,
203,22/7/2007,domingo,22,2018.02,1,0,1,,,,,,,,,,,,,,,,,
204,23/7/2007,lunes,23,2111.66,0,0,1,,,,,,,,,,,,,,,,,
205,24/7/2007,martes,24,2204.52,0,0,1,,,,,,,,,,,,,,,,,
206,25/7/2007,miércoles,25,1999.98,0,0,1,,,,,,,,,,,,,,,,,
207,26/7/2007,jueves,26,1718.28,0,0,1,,,,,,,,,,,,,,,,,
208,27/7/2007,viernes,27,2252.17,0,0,1,,,,,,,,,,,,,,,,,
209,28/7/2007,sábado,28,2115.02,1,0,1,,,,,,,,,,,,,,,,,
210,29/7/2007,domingo,29,2098.27,1,0,1,,,,,,,,,,,,,,,,,
211,30/7/2007,lunes,30,2215.78,0,0,1,,,,,,,,,,,,,,,,,
212,31/7/2007,martes,31,2273.21,0,0,1,,,,,,,,,,,,,,,,,
213,1/8/2007,miércoles,1,2239.61,0,0,1,,,,,,,,,,,,,,,,,
214,2/8/2007,jueves,2,2190.49,0,0,1,,,,,,,,,,,,,,,,,
215,3/8/2007,viernes,3,2368.63,0,0,1,,,,,,,,,,,,,,,,,
216,4/8/2007,sábado,4,2267.45,1,0,1,,,,,,,,,,,,,,,,,
217,5/8/2007,domingo,5,2197.32,1,0,1,,,,,,,,,,,,,,,,,
218,6/8/2007,lunes,6,2183.92,0,0,1,,,,,,,,,,,,,,,,,
219,7/8/2007,martes,7,2246.63,0,0,1,,,,,,,,,,,,,,,,,
220,8/8/2007,miércoles,8,2209.69,0,0,1,,,,,,,,,,,,,,,,,
221,9/8/2007,jueves,9,2145.46,0,0,1,,,,,,,,,,,,,,,,,
222,10/8/2007,viernes,10,2135.32,0,1,1,,,,,,,,,,,,,,,,,
223,11/8/2007,sábado,11,1987.10,1,0,1,,,,,,,,,,,,,,,,,
224,12/8/2007,domingo,12,1860.71,1,0,1,,,,,,,,,,,,,,,,,
225,13/8/2007,lunes,13,2047.40,0,0,1,,,,,,,,,,,,,,,,,
226,14/8/2007,martes,14,2191.21,0,0,1,,,,,,,,,,,,,,,,,
227,15/8/2007,miércoles,15,2215.28,0,0,1,,,,,,,,,,,,,,,,,
228,16/8/2007,jueves,16,2278.43,0,0,1,,,,,,,,,,,,,,,,,
229,17/8/2007,viernes,17,2170.58,0,0,1,,,,,,,,,,,,,,,,,
230,18/8/2007,sábado,18,2182.29,1,0,1,,,,,,,,,,,,,,,,,
231,19/8/2007,domingo,19,2019.38,1,0,1,,,,,,,,,,,,,,,,,
232,20/8/2007,lunes,20,2128.71,0,0,1,,,,,,,,,,,,,,,,,
233,21/8/2007,martes,21,2269.07,0,0,1,,,,,,,,,,,,,,,,,
234,22/8/2007,miércoles,22,2222.16,0,0,1,,,,,,,,,,,,,,,,,
235,23/8/2007,jueves,23,1826.14,0,0,1,,,,,,,,,,,,,,,,,
236,24/8/2007,viernes,24,2427.20,0,0,1,,,,,,,,,,,,,,,,,
237,25/8/2007,sábado,25,2286.74,1,0,1,,,,,,,,,,,,,,,,,
238,26/8/2007,domingo,26,2036.16,1,0,1,,,,,,,,,,,,,,,,,
239,27/8/2007,lunes,27,2073.06,0,0,1,,,,,,,,,,,,,,,,,
240,28/8/2007,martes,28,2236.34,0,0,1,,,,,,,,,,,,,,,,,
241,29/8/2007,miércoles,29,2093.76,0,0,1,,,,,,,,,,,,,,,,,
242,30/8/2007,jueves,30,2110.17,0,0,1,,,,,,,,,,,,,,,,,
243,31/8/2007,viernes,31,2114.10,0,0,1,,,,,,,,,,,,,,,,,
244,1/9/2007,sábado,1,2049.64,1,0,1,,,,,,,,,,,,,,,,,
245,2/9/2007,domingo,2,2027.58,1,0,1,,,,,,,,,,,,,,,,,
246,3/9/2007,lunes,3,2090.90,0,0,1,,,,,,,,,,,,,,,,,
247,4/9/2007,martes,4,2089.93,0,0,1,,,,,,,,,,,,,,,,,
248,5/9/2007,miércoles,5,2278.62,0,0,1,,,,,,,,,,,,,,,,,
249,6/9/2007,jueves,6,2305.52,0,0,1,,,,,,,,,,,,,,,,,
250,7/9/2007,viernes,7,2246.63,0,0,1,,,,,,,,,,,,,,,,,
251,8/9/2007,sábado,8,2305.51,1,0,1,,,,,,,,,,,,,,,,,
252,9/9/2007,domingo,9,2351.24,1,0,1,,,,,,,,,,,,,,,,,
253,10/9/2007,lunes,10,2302.32,0,0,1,,,,,,,,,,,,,,,,,
254,11/9/2007,martes,11,2424.70,0,0,1,,,,,,,,,,,,,,,,,
255,12/9/2007,miércoles,12,2442.36,0,0,1,,,,,,,,,,,,,,,,,
256,13/9/2007,jueves,13,2488.59,0,0,1,,,,,,,,,,,,,,,,,
257,14/9/2007,viernes,14,2341.09,0,0,1,,,,,,,,,,,,,,,,,
258,15/9/2007,sábado,15,2550.58,1,0,1,,,,,,,,,,,,,,,,,
259,16/9/2007,domingo,16,2193.70,1,0,1,,,,,,,,,,,,,,,,,
260,17/9/2007,lunes,17,2196.61,0,0,1,,,,,,,,,,,,,,,,,
261,18/9/2007,martes,18,1937.53,0,0,1,,,,,,,,,,,,,,,,,
262,19/9/2007,miércoles,19,2323.57,0,0,1,,,,,,,,,,,,,,,,,
263,20/9/2007,jueves,20,2333.97,0,0,1,,,,,,,,,,,,,,,,,
264,21/9/2007,viernes,21,2119.66,0,0,1,,,,,,,,,,,,,,,,,
265,22/9/2007,sábado,22,2046.40,1,0,1,,,,,,,,,,,,,,,,,
266,23/9/2007,domingo,23,1995.29,1,0,1,,,,,,,,,,,,,,,,,
267,24/9/2007,lunes,24,1844.17,0,0,1,,,,,,,,,,,,,,,,,
268,25/9/2007,martes,25,2054.25,0,0,1,,,,,,,,,,,,,,,,,
269,26/9/2007,miércoles,26,1916.28,0,0,1,,,,,,,,,,,,,,,,,
270,27/9/2007,jueves,27,1937.61,0,0,1,,,,,,,,,,,,,,,,,
271,28/9/2007,viernes,28,2003.04,0,0,1,,,,,,,,,,,,,,,,,
272,29/9/2007,sábado,29,1996.66,1,0,1,,,,,,,,,,,,,,,,,
273,30/9/2007,domingo,30,1898.25,1,0,1,,,,,,,,,,,,,,,,,
274,1/10/2007,lunes,1,1946.90,0,0,0,,,,,,,,,,,,,,,,,
275,2/10/2007,martes,2,1982.56,0,0,0,,,,,,,,,,,,,,,,,
276,3/10/2007,miércoles,3,2120.62,0,0,0,,,,,,,,,,,,,,,,,
277,4/10/2007,jueves,4,1938.84,0,0,0,,,,,,,,,,,,,,,,,
278,5/10/2007,viernes,5,1962.51,0,0,0,,,,,,,,,,,,,,,,,
279,6/10/2007,sábado,6,2051.53,1,0,0,,,,,,,,,,,,,,,,,
280,7/10/2007,domingo,7,2386.81,1,0,0,,,,,,,,,,,,,,,,,
281,8/10/2007,lunes,8,1881.13,0,0,0,,,,,,,,,,,,,,,,,
282,9/10/2007,martes,9,1769.89,0,1,0,,,,,,,,,,,,,,,,,
283,10/10/2007,miércoles,10,1873.84,0,0,0,,,,,,,,,,,,,,,,,
284,11/10/2007,jueves,11,1890.19,0,0,0,,,,,,,,,,,,,,,,,
285,12/10/2007,viernes,12,1811.47,0,0,0,,,,,,,,,,,,,,,,,
286,13/10/2007,sábado,13,1868.83,1,0,0,,,,,,,,,,,,,,,,,
287,14/10/2007,domingo,14,1748.21,1,0,0,,,,,,,,,,,,,,,,,
288,15/10/2007,lunes,15,2014.83,0,0,0,,,,,,,,,,,,,,,,,
289,16/10/2007,martes,16,1997.05,0,0,0,,,,,,,,,,,,,,,,,
290,17/10/2007,miércoles,17,1935.27,0,0,0,,,,,,,,,,,,,,,,,
291,18/10/2007,jueves,18,1924.24,0,0,0,,,,,,,,,,,,,,,,,
292,19/10/2007,viernes,19,1932.60,0,0,0,,,,,,,,,,,,,,,,,
293,20/10/2007,sábado,20,1836.80,1,0,0,,,,,,,,,,,,,,,,,
294,21/10/2007,domingo,21,1774.61,1,0,0,,,,,,,,,,,,,,,,,
295,22/10/2007,lunes,22,1930.67,0,0,0,,,,,,,,,,,,,,,,,
296,23/10/2007,martes,23,1916.28,0,0,0,,,,,,,,,,,,,,,,,
297,24/10/2007,miércoles,24,1952.93,0,0,0,,,,,,,,,,,,,,,,,
298,25/10/2007,jueves,25,1930.22,0,0,0,,,,,,,,,,,,,,,,,
299,26/10/2007,viernes,26,2001.96,0,0,0,,,,,,,,,,,,,,,,,
300,27/10/2007,sábado,27,1945.75,1,0,0,,,,,,,,,,,,,,,,,
301,28/10/2007,domingo,28,1788.01,1,0,0,,,,,,,,,,,,,,,,,
302,29/10/2007,lunes,29,2176.06,0,0,0,,,,,,,,,,,,,,,,,
303,30/10/2007,martes,30,1994.35,0,0,0,,,,,,,,,,,,,,,,,
304,31/10/2007,miércoles,31,1938.58,0,0,0,,,,,,,,,,,,,,,,,
305,1/11/2007,jueves,1,1878.35,0,0,0,,,,,,,,,,,,,,,,,
306,2/11/2007,viernes,2,1802.95,0,1,0,,,,,,,,,,,,,,,,,
307,3/11/2007,sábado,3,1762.04,1,1,0,,,,,,,,,,,,,,,,,
308,4/11/2007,domingo,4,1720.71,1,0,0,,,,,,,,,,,,,,,,,
309,5/11/2007,lunes,5,1921.31,0,0,0,,,,,,,,,,,,,,,,,
310,6/11/2007,martes,6,2032.04,0,0,0,,,,,,,,,,,,,,,,,
311,7/11/2007,miércoles,7,1844.18,0,0,0,,,,,,,,,,,,,,,,,
312,8/11/2007,jueves,8,1992.00,0,0,0,,,,,,,,,,,,,,,,,
313,9/11/2007,viernes,9,1890.47,0,0,0,,,,,,,,,,,,,,,,,
314,10/11/2007,sábado,10,1921.73,1,0,0,,,,,,,,,,,,,,,,,
315,11/11/2007,domingo,11,1844.75,1,0,0,,,,,,,,,,,,,,,,,
316,12/11/2007,lunes,12,2018.60,0,0,0,,,,,,,,,,,,,,,,,
317,13/11/2007,martes,13,2115.63,0,0,0,,,,,,,,,,,,,,,,,
318,14/11/2007,miércoles,14,2151.29,0,0,0,,,,,,,,,,,,,,,,,
319,15/11/2007,jueves,15,2040.87,0,0,0,,,,,,,,,,,,,,,,,
320,16/11/2007,viernes,16,1932.71,0,0,0,,,,,,,,,,,,,,,,,
321,17/11/2007,sábado,17,1938.19,1,0,0,,,,,,,,,,,,,,,,,
322,18/11/2007,domingo,18,1854.99,1,0,0,,,,,,,,,,,,,,,,,
323,19/11/2007,lunes,19,1934.59,0,0,0,,,,,,,,,,,,,,,,,
324,20/11/2007,martes,20,2000.12,0,0,0,,,,,,,,,,,,,,,,,
325,21/11/2007,miércoles,21,1862.59,0,0,0,,,,,,,,,,,,,,,,,
326,22/11/2007,jueves,22,1887.95,0,0,0,,,,,,,,,,,,,,,,,
327,23/11/2007,viernes,23,1897.18,0,0,0,,,,,,,,,,,,,,,,,
328,24/11/2007,sábado,24,1905.32,1,0,0,,,,,,,,,,,,,,,,,
329,25/11/2007,domingo,25,1777.93,1,0,0,,,,,,,,,,,,,,,,,
330,26/11/2007,lunes,26,1850.20,0,0,0,,,,,,,,,,,,,,,,,
331,27/11/2007,martes,27,1973.35,0,0,0,,,,,,,,,,,,,,,,,
332,28/11/2007,miércoles,28,1997.79,0,0,0,,,,,,,,,,,,,,,,,
333,29/11/2007,jueves,29,1937.12,0,0,0,,,,,,,,,,,,,,,,,
334,30/11/2007,viernes,30,1936.18,0,0,0,,,,,,,,,,,,,,,,,
335,1/12/2007,sábado,1,1815.04,1,0,0,,,,,,,,,,,,,,,,,
336,2/12/2007,domingo,2,1795.56,1,0,0,,,,,,,,,,,,,,,,,
337,3/12/2007,lunes,3,1909.75,0,0,0,,,,,,,,,,,,,,,,,
338,4/12/2007,martes,4,2000.75,0,0,0,,,,,,,,,,,,,,,,,
339,5/12/2007,miércoles,5,1954.55,0,0,0,,,,,,,,,,,,,,,,,
340,6/12/2007,jueves,6,1901.91,0,1,0,,,,,,,,,,,,,,,,,
341,7/12/2007,viernes,7,2012.91,0,0,0,,,,,,,,,,,,,,,,,
342,8/12/2007,sábado,8,1858.09,1,0,0,,,,,,,,,,,,,,,,,
343,9/12/2007,domingo,9,1863.16,1,0,0,,,,,,,,,,,,,,,,,
344,10/12/2007,lunes,10,2006.94,0,0,0,,,,,,,,,,,,,,,,,
345,11/12/2007,martes,11,2060.10,0,0,0,,,,,,,,,,,,,,,,,
346,12/12/2007,miércoles,12,1987.07,0,0,0,,,,,,,,,,,,,,,,,
347,13/12/2007,jueves,13,1964.33,0,0,0,,,,,,,,,,,,,,,,,
348,14/12/2007,viernes,14,1889.05,0,0,0,,,,,,,,,,,,,,,,,
349,15/12/2007,sábado,15,1846.65,1,0,0,,,,,,,,,,,,,,,,,
350,16/12/2007,domingo,16,1795.92,1,0,0,,,,,,,,,,,,,,,,,
351,17/12/2007,lunes,17,1908.96,0,0,0,,,,,,,,,,,,,,,,,
352,18/12/2007,martes,18,1945.69,0,0,0,,,,,,,,,,,,,,,,,
353,19/12/2007,miércoles,19,2018.39,0,0,0,,,,,,,,,,,,,,,,,
354,20/12/2007,jueves,20,1948.80,0,0,0,,,,,,,,,,,,,,,,,
355,21/12/2007,viernes,21,1827.45,0,0,0,,,,,,,,,,,,,,,,,
356,22/12/2007,sábado,22,1788.40,1,0,0,,,,,,,,,,,,,,,,,
357,23/12/2007,domingo,23,1741.88,1,0,0,,,,,,,,,,,,,,,,,
358,24/12/2007,lunes,24,1788.74,0,0,0,,,,,,,,,,,,,,,,,
359,25/12/2007,martes,25,1750.95,0,1,0,,,,,,,,,,,,,,,,,
360,26/12/2007,miércoles,26,1860.55,0,0,0,,,,,,,,,,,,,,,,,
361,27/12/2007,jueves,27,1980.62,0,0,0,,,,,,,,,,,,,,,,,
362,28/12/2007,viernes,28,1971.84,0,0,0,,,,,,,,,,,,,,,,,
363,29/12/2007,sábado,29,1894.25,1,0,0,,,,,,,,,,,,,,,,,
364,30/12/2007,domingo,30,1738.66,1,0,0,,,,,,,,,,,,,,,,,
365,31/12/2007,lunes,31,1809.83,0,0,0,,,,,,,,,,,,,,,,,
366,1/1/2008,martes,1,1939.37,0,1,0,,,,,,,,,,,,,,,,,
367,2/1/2008,miércoles,2,1829.42,0,0,0,,,,,,,,,,,,,,,,,
368,3/1/2008,jueves,3,1892.47,0,0,0,,,,,,,,,,,,,,,,,
369,4/1/2008,viernes,4,1945.28,0,0,0,,,,,,,,,,,,,,,,,
370,5/1/2008,sábado,5,2004.38,1,0,0,,,,,,,,,,,,,,,,,
371,6/1/2008,domingo,6,1862.95,1,0,0,,,,,,,,,,,,,,,,,
372,7/1/2008,lunes,7,2024.38,0,0,0,,,,,,,,,,,,,,,,,
373,8/1/2008,martes,8,2016.78,0,0,0,,,,,,,,,,,,,,,,,
374,9/1/2008,miércoles,9,1883.35,0,0,0,,,,,,,,,,,,,,,,,
375,10/1/2008,jueves,10,1883.35,0,0,0,,,,,,,,,,,,,,,,,
376,11/1/2008,viernes,11,1938.48,0,0,0,,,,,,,,,,,,,,,,,
377,12/1/2008,sábado,12,1973.63,1,0,0,,,,,,,,,,,,,,,,,
378,13/1/2008,domingo,13,1890.70,1,0,0,,,,,,,,,,,,,,,,,
379,14/1/2008,lunes,14,1996.91,0,0,0,,,,,,,,,,,,,,,,,
380,15/1/2008,martes,15,1849.83,0,0,0,,,,,,,,,,,,,,,,,
381,16/1/2008,miércoles,16,1817.96,0,0,0,,,,,,,,,,,,,,,,,
382,17/1/2008,jueves,17,1875.47,0,0,0,,,,,,,,,,,,,,,,,
383,18/1/2008,viernes,18,1891.82,0,0,0,,,,,,,,,,,,,,,,,
384,19/1/2008,sábado,19,1909.95,1,0,0,,,,,,,,,,,,,,,,,
385,20/1/2008,domingo,20,1890.79,1,0,0,,,,,,,,,,,,,,,,,
386,21/1/2008,lunes,21,1861.56,0,0,0,,,,,,,,,,,,,,,,,
387,22/1/2008,martes,22,1933.50,0,0,0,,,,,,,,,,,,,,,,,
388,23/1/2008,miércoles,23,1900.70,0,0,0,,,,,,,,,,,,,,,,,
389,24/1/2008,jueves,24,2001.25,0,0,0,,,,,,,,,,,,,,,,,
390,25/1/2008,viernes,25,1995.35,0,0,0,,,,,,,,,,,,,,,,,
391,26/1/2008,sábado,26,1965.95,1,0,0,,,,,,,,,,,,,,,,,
392,27/1/2008,domingo,27,1782.86,1,0,0,,,,,,,,,,,,,,,,,
393,28/1/2008,lunes,28,1931.21,0,0,0,,,,,,,,,,,,,,,,,
394,29/1/2008,martes,29,1898.18,0,0,0,,,,,,,,,,,,,,,,,
395,30/1/2008,miércoles,30,2085.67,0,0,0,,,,,,,,,,,,,,,,,
396,31/1/2008,jueves,31,1965.95,0,0,0,,,,,,,,,,,,,,,,,
397,1/2/2008,viernes,1,2001.23,0,0,0,,,,,,,,,,,,,,,,,
398,2/2/2008,sábado,2,1947.78,1,0,0,,,,,,,,,,,,,,,,,
399,3/2/2008,domingo,3,1885.50,1,0,0,,,,,,,,,,,,,,,,,
400,4/2/2008,lunes,4,1912.98,0,1,0,,,,,,,,,,,,,,,,,
401,5/2/2008,martes,5,1858.72,0,1,0,,,,,,,,,,,,,,,,,
402,6/2/2008,miércoles,6,2051.44,0,0,0,,,,,,,,,,,,,,,,,
403,7/2/2008,jueves,7,2007.45,0,0,0,,,,,,,,,,,,,,,,,
404,8/2/2008,viernes,8,2015.06,0,0,0,,,,,,,,,,,,,,,,,
405,9/2/2008,sábado,9,1925.40,1,0,0,,,,,,,,,,,,,,,,,
406,10/2/2008,domingo,10,1925.40,1,0,0,,,,,,,,,,,,,,,,,
407,11/2/2008,lunes,11,2025.15,0,0,0,,,,,,,,,,,,,,,,,
408,12/2/2008,martes,12,2008.38,0,0,0,,,,,,,,,,,,,,,,,
409,13/2/2008,miércoles,13,1827.54,0,0,0,,,,,,,,,,,,,,,,,
410,14/2/2008,jueves,14,1842.18,0,0,0,,,,,,,,,,,,,,,,,
411,15/2/2008,viernes,15,2016.24,0,0,0,,,,,,,,,,,,,,,,,
412,16/2/2008,sábado,16,1919.41,1,0,0,,,,,,,,,,,,,,,,,
413,17/2/2008,domingo,17,1848.41,1,0,0,,,,,,,,,,,,,,,,,
414,18/2/2008,lunes,18,1930.12,0,0,0,,,,,,,,,,,,,,,,,
415,19/2/2008,martes,19,2117.77,0,0,0,,,,,,,,,,,,,,,,,
416,20/2/2008,miércoles,20,2075.97,0,0,0,,,,,,,,,,,,,,,,,
417,21/2/2008,jueves,21,2004.05,0,0,0,,,,,,,,,,,,,,,,,
418,22/2/2008,viernes,22,2137.56,0,0,0,,,,,,,,,,,,,,,,,
419,23/2/2008,sábado,23,2053.26,1,0,0,,,,,,,,,,,,,,,,,
420,24/2/2008,domingo,24,1882.68,1,0,0,,,,,,,,,,,,,,,,,
421,25/2/2008,lunes,25,1783.67,0,0,0,,,,,,,,,,,,,,,,,
422,26/2/2008,martes,26,1947.42,0,0,0,,,,,,,,,,,,,,,,,
423,27/2/2008,miércoles,27,2255.13,0,0,0,,,,,,,,,,,,,,,,,
424,28/2/2008,jueves,28,1749.69,0,0,0,,,,,,,,,,,,,,,,,
425,29/2/2008,viernes,29,1607.40,0,0,0,,,,,,,,,,,,,,,,,
426,1/3/2008,sábado,1,2008.41,1,0,0,,,,,,,,,,,,,,,,,
427,2/3/2008,domingo,2,1836.16,1,0,0,,,,,,,,,,,,,,,,,
428,3/3/2008,lunes,3,1955.65,0,0,0,,,,,,,,,,,,,,,,,
429,4/3/2008,martes,4,1961.39,0,0,0,,,,,,,,,,,,,,,,,
430,5/3/2008,miércoles,5,2144.70,0,0,0,,,,,,,,,,,,,,,,,
431,6/3/2008,jueves,6,2002.73,0,0,0,,,,,,,,,,,,,,,,,
432,7/3/2008,viernes,7,1868.76,0,0,0,,,,,,,,,,,,,,,,,
433,8/3/2008,sábado,8,1953.25,1,0,0,,,,,,,,,,,,,,,,,
434,9/3/2008,domingo,9,1820.76,1,0,0,,,,,,,,,,,,,,,,,
435,10/3/2008,lunes,10,1820.76,0,0,0,,,,,,,,,,,,,,,,,
436,11/3/2008,martes,11,1988.62,0,0,0,,,,,,,,,,,,,,,,,
437,12/3/2008,miércoles,12,1945.81,0,0,0,,,,,,,,,,,,,,,,,
438,13/3/2008,jueves,13,2229.98,0,0,0,,,,,,,,,,,,,,,,,
439,14/3/2008,viernes,14,1897.56,0,0,0,,,,,,,,,,,,,,,,,
440,15/3/2008,sábado,15,1828.32,1,0,0,,,,,,,,,,,,,,,,,
441,16/3/2008,domingo,16,1909.13,1,0,0,,,,,,,,,,,,,,,,,
442,17/3/2008,lunes,17,2066.48,0,0,0,,,,,,,,,,,,,,,,,
443,18/3/2008,martes,18,2270.88,0,0,0,,,,,,,,,,,,,,,,,
444,19/3/2008,miércoles,19,1981.22,0,0,0,,,,,,,,,,,,,,,,,
445,20/3/2008,jueves,20,2011.24,0,0,0,,,,,,,,,,,,,,,,,
446,21/3/2008,viernes,21,1799.71,0,1,0,,,,,,,,,,,,,,,,,
447,22/3/2008,sábado,22,1932.78,1,0,0,,,,,,,,,,,,,,,,,
448,23/3/2008,domingo,23,1882.11,1,0,0,,,,,,,,,,,,,,,,,
449,24/3/2008,lunes,24,2136.86,0,0,0,,,,,,,,,,,,,,,,,
450,25/3/2008,martes,25,2088.70,0,0,0,,,,,,,,,,,,,,,,,
451,26/3/2008,miércoles,26,2179.94,0,0,0,,,,,,,,,,,,,,,,,
452,27/3/2008,jueves,27,2116.36,0,0,0,,,,,,,,,,,,,,,,,
453,28/3/2008,viernes,28,2030.25,0,0,0,,,,,,,,,,,,,,,,,
454,29/3/2008,sábado,29,2136.03,1,0,0,,,,,,,,,,,,,,,,,
455,30/3/2008,domingo,30,1953.48,1,0,0,,,,,,,,,,,,,,,,,
456,31/3/2008,lunes,31,2102.01,0,0,0,,,,,,,,,,,,,,,,,
457,1/4/2008,martes,1,2123.28,0,0,0,,,,,,,,,,,,,,,,,
458,2/4/2008,miércoles,2,2080.58,0,0,0,,,,,,,,,,,,,,,,,
459,3/4/2008,jueves,3,2043.20,0,0,0,,,,,,,,,,,,,,,,,
460,4/4/2008,viernes,4,2143.86,0,0,0,,,,,,,,,,,,,,,,,
461,5/4/2008,sábado,5,2145.18,1,0,0,,,,,,,,,,,,,,,,,
462,6/4/2008,domingo,6,1837.51,1,0,0,,,,,,,,,,,,,,,,,
463,7/4/2008,lunes,7,2133.88,0,0,0,,,,,,,,,,,,,,,,,
464,8/4/2008,martes,8,2051.39,0,0,0,,,,,,,,,,,,,,,,,
465,9/4/2008,miércoles,9,2046.80,0,0,0,,,,,,,,,,,,,,,,,
466,10/4/2008,jueves,10,2069.93,0,0,0,,,,,,,,,,,,,,,,,
467,11/4/2008,viernes,11,2210.15,0,0,0,,,,,,,,,,,,,,,,,
468,12/4/2008,sábado,12,2091.02,1,0,0,,,,,,,,,,,,,,,,,
469,13/4/2008,domingo,13,1963.40,1,0,0,,,,,,,,,,,,,,,,,
470,14/4/2008,lunes,14,2052.18,0,0,0,,,,,,,,,,,,,,,,,
471,15/4/2008,martes,15,1991.24,0,0,0,,,,,,,,,,,,,,,,,
472,16/4/2008,miércoles,16,2057.07,0,0,0,,,,,,,,,,,,,,,,,
473,17/4/2008,jueves,17,2075.16,0,0,0,,,,,,,,,,,,,,,,,
474,18/4/2008,viernes,18,2213.61,0,0,0,,,,,,,,,,,,,,,,,
475,19/4/2008,sábado,19,2041.63,1,0,0,,,,,,,,,,,,,,,,,
476,20/4/2008,domingo,20,1962.59,1,0,0,,,,,,,,,,,,,,,,,
477,21/4/2008,lunes,21,2084.18,0,0,0,,,,,,,,,,,,,,,,,
478,22/4/2008,martes,22,2070.50,0,0,0,,,,,,,,,,,,,,,,,
479,23/4/2008,miércoles,23,2036.53,0,0,0,,,,,,,,,,,,,,,,,
480,24/4/2008,jueves,24,2064.68,0,0,0,,,,,,,,,,,,,,,,,
481,25/4/2008,viernes,25,2007.82,0,0,0,,,,,,,,,,,,,,,,,
482,26/4/2008,sábado,26,1944.08,1,0,0,,,,,,,,,,,,,,,,,
483,27/4/2008,domingo,27,1973.26,1,0,0,,,,,,,,,,,,,,,,,
484,28/4/2008,lunes,28,2053.77,0,0,0,,,,,,,,,,,,,,,,,
485,29/4/2008,martes,29,2092.42,0,0,0,,,,,,,,,,,,,,,,,
486,30/4/2008,miércoles,30,2174.49,0,0,0,,,,,,,,,,,,,,,,,
487,1/5/2008,jueves,1,1947.97,0,1,0,,,,,,,,,,,,,,,,,
488,2/5/2008,viernes,2,1973.99,0,0,0,,,,,,,,,,,,,,,,,
489,3/5/2008,sábado,3,1901.71,1,0,0,,,,,,,,,,,,,,,,,
490,4/5/2008,domingo,4,1780.57,1,0,0,,,,,,,,,,,,,,,,,
491,5/5/2008,lunes,5,2154.24,0,0,0,,,,,,,,,,,,,,,,,
492,6/5/2008,martes,6,2093.42,0,0,0,,,,,,,,,,,,,,,,,
493,7/5/2008,miércoles,7,2076.73,0,0,0,,,,,,,,,,,,,,,,,
494,8/5/2008,jueves,8,2046.33,0,0,0,,,,,,,,,,,,,,,,,
495,9/5/2008,viernes,9,1986.10,0,0,0,,,,,,,,,,,,,,,,,
496,10/5/2008,sábado,10,1986.10,1,0,0,,,,,,,,,,,,,,,,,
497,11/5/2008,domingo,11,1817.12,1,0,0,,,,,,,,,,,,,,,,,
498,12/5/2008,lunes,12,1874.67,0,0,0,,,,,,,,,,,,,,,,,
499,13/5/2008,martes,13,2101.41,0,0,0,,,,,,,,,,,,,,,,,
500,14/5/2008,miércoles,14,2081.41,0,0,0,,,,,,,,,,,,,,,,,
501,15/5/2008,jueves,15,1883.77,0,0,0,,,,,,,,,,,,,,,,,
502,16/5/2008,viernes,16,1955.41,0,0,0,,,,,,,,,,,,,,,,,
503,17/5/2008,sábado,17,1852.59,1,0,0,,,,,,,,,,,,,,,,,
504,18/5/2008,domingo,18,1886.13,1,0,0,,,,,,,,,,,,,,,,,
505,19/5/2008,lunes,19,2053.56,0,0,0,,,,,,,,,,,,,,,,,
506,20/5/2008,martes,20,2024.83,0,0,0,,,,,,,,,,,,,,,,,
507,21/5/2008,miércoles,21,1998.61,0,0,0,,,,,,,,,,,,,,,,,
508,22/5/2008,jueves,22,1892.30,0,0,0,,,,,,,,,,,,,,,,,
509,23/5/2008,viernes,23,2039.59,0,0,0,,,,,,,,,,,,,,,,,
510,24/5/2008,sábado,24,1957.34,1,1,0,,,,,,,,,,,,,,,,,
511,25/5/2008,domingo,25,1841.86,1,0,0,,,,,,,,,,,,,,,,,
512,26/5/2008,lunes,26,2213.26,0,0,0,,,,,,,,,,,,,,,,,
513,27/5/2008,martes,27,1967.48,0,0,0,,,,,,,,,,,,,,,,,
514,28/5/2008,miércoles,28,1975.47,0,0,0,,,,,,,,,,,,,,,,,
515,29/5/2008,jueves,29,1830.90,0,0,0,,,,,,,,,,,,,,,,,
516,30/5/2008,viernes,30,1892.83,0,0,0,,,,,,,,,,,,,,,,,
517,31/5/2008,sábado,31,1888.57,1,0,0,,,,,,,,,,,,,,,,,
518,1/6/2008,domingo,1,1698.17,1,0,1,,,,,,,,,,,,,,,,,
519,2/6/2008,lunes,2,1947.08,0,0,1,,,,,,,,,,,,,,,,,
520,3/6/2008,martes,3,1956.22,0,0,1,,,,,,,,,,,,,,,,,
521,4/6/2008,miércoles,4,1988.31,0,0,1,,,,,,,,,,,,,,,,,
522,5/6/2008,jueves,5,2004.47,0,0,1,,,,,,,,,,,,,,,,,
523,6/6/2008,viernes,6,1903.97,0,0,1,,,,,,,,,,,,,,,,,
524,7/6/2008,sábado,7,1886.56,1,0,1,,,,,,,,,,,,,,,,,
525,8/6/2008,domingo,8,1894.07,1,0,1,,,,,,,,,,,,,,,,,
526,9/6/2008,lunes,9,1995.74,0,0,1,,,,,,,,,,,,,,,,,
527,10/6/2008,martes,10,1995.74,0,0,1,,,,,,,,,,,,,,,,,
528,11/6/2008,miércoles,11,2004.16,0,0,1,,,,,,,,,,,,,,,,,
529,12/6/2008,jueves,12,1997.66,0,0,1,,,,,,,,,,,,,,,,,
530,13/6/2008,viernes,13,2078.78,0,0,1,,,,,,,,,,,,,,,,,
531,14/6/2008,sábado,14,1881.30,1,0,1,,,,,,,,,,,,,,,,,
532,15/6/2008,domingo,15,1718.61,1,0,1,,,,,,,,,,,,,,,,,
533,16/6/2008,lunes,16,1854.29,0,0,1,,,,,,,,,,,,,,,,,
534,17/6/2008,martes,17,1877.94,0,0,1,,,,,,,,,,,,,,,,,
535,18/6/2008,miércoles,18,1849.02,0,0,1,,,,,,,,,,,,,,,,,
536,19/6/2008,jueves,19,1776.99,0,0,1,,,,,,,,,,,,,,,,,
537,20/6/2008,viernes,20,1820.01,0,0,1,,,,,,,,,,,,,,,,,
538,21/6/2008,sábado,21,1877.20,1,0,1,,,,,,,,,,,,,,,,,
539,22/6/2008,domingo,22,1770.28,1,0,1,,,,,,,,,,,,,,,,,
540,23/6/2008,lunes,23,1932.37,0,0,1,,,,,,,,,,,,,,,,,
541,24/6/2008,martes,24,1943.30,0,0,1,,,,,,,,,,,,,,,,,
542,25/6/2008,miércoles,25,1926.59,0,0,1,,,,,,,,,,,,,,,,,
543,26/6/2008,jueves,26,1926.37,0,0,1,,,,,,,,,,,,,,,,,
544,27/6/2008,viernes,27,1858.79,0,0,1,,,,,,,,,,,,,,,,,
545,28/6/2008,sábado,28,1781.58,1,0,1,,,,,,,,,,,,,,,,,
546,29/6/2008,domingo,29,1746.83,1,0,1,,,,,,,,,,,,,,,,,
547,30/6/2008,lunes,30,1963.44,0,0,1,,,,,,,,,,,,,,,,,
548,1/7/2008,martes,1,1904.22,0,0,1,,,,,,,,,,,,,,,,,
549,2/7/2008,miércoles,2,1847.54,0,0,1,,,,,,,,,,,,,,,,,
550,3/7/2008,jueves,3,1999.29,0,0,1,,,,,,,,,,,,,,,,,
551,4/7/2008,viernes,4,1884.20,0,0,1,,,,,,,,,,,,,,,,,
552,5/7/2008,sábado,5,1847.75,1,0,1,,,,,,,,,,,,,,,,,
553,6/7/2008,domingo,6,1910.41,1,0,1,,,,,,,,,,,,,,,,,
554,7/7/2008,lunes,7,1729.95,0,0,1,,,,,,,,,,,,,,,,,
555,8/7/2008,martes,8,1958.97,0,0,1,,,,,,,,,,,,,,,,,
556,9/7/2008,miércoles,9,1932.94,0,0,1,,,,,,,,,,,,,,,,,
557,10/7/2008,jueves,10,1932.94,0,0,1,,,,,,,,,,,,,,,,,
558,11/7/2008,viernes,11,2010.82,0,0,1,,,,,,,,,,,,,,,,,
559,12/7/2008,sábado,12,1847.76,1,0,1,,,,,,,,,,,,,,,,,
560,13/7/2008,domingo,13,1776.36,1,0,1,,,,,,,,,,,,,,,,,
561,14/7/2008,lunes,14,1930.78,0,0,1,,,,,,,,,,,,,,,,,
562,15/7/2008,martes,15,2087.41,0,0,1,,,,,,,,,,,,,,,,,
563,16/7/2008,miércoles,16,2011.77,0,0,1,,,,,,,,,,,,,,,,,
564,17/7/2008,jueves,17,2065.46,0,0,1,,,,,,,,,,,,,,,,,
565,18/7/2008,viernes,18,1947.51,0,0,1,,,,,,,,,,,,,,,,,
566,19/7/2008,sábado,19,1876.40,1,0,1,,,,,,,,,,,,,,,,,
567,20/7/2008,domingo,20,1768.86,1,0,1,,,,,,,,,,,,,,,,,
568,21/7/2008,lunes,21,1931.53,0,0,1,,,,,,,,,,,,,,,,,
569,22/7/2008,martes,22,1876.33,0,0,1,,,,,,,,,,,,,,,,,
570,23/7/2008,miércoles,23,2012.96,0,0,1,,,,,,,,,,,,,,,,,
571,24/7/2008,jueves,24,2079.62,0,0,1,,,,,,,,,,,,,,,,,
572,25/7/2008,viernes,25,2021.27,0,0,1,,,,,,,,,,,,,,,,,
573,26/7/2008,sábado,26,1943.60,1,0,1,,,,,,,,,,,,,,,,,
574,27/7/2008,domingo,27,1783.86,1,0,1,,,,,,,,,,,,,,,,,
575,28/7/2008,lunes,28,1930.04,0,0,1,,,,,,,,,,,,,,,,,
576,29/7/2008,martes,29,2041.60,0,0,1,,,,,,,,,,,,,,,,,
577,30/7/2008,miércoles,30,2010.59,0,0,1,,,,,,,,,,,,,,,,,
578,31/7/2008,jueves,31,2051.31,0,0,1,,,,,,,,,,,,,,,,,
579,1/8/2008,viernes,1,2102.59,0,0,1,,,,,,,,,,,,,,,,,
580,2/8/2008,sábado,2,1870.65,1,0,1,,,,,,,,,,,,,,,,,
581,3/8/2008,domingo,3,1769.40,1,0,1,,,,,,,,,,,,,,,,,
582,4/8/2008,lunes,4,2006.68,0,0,1,,,,,,,,,,,,,,,,,
583,5/8/2008,martes,5,2133.22,0,0,1,,,,,,,,,,,,,,,,,
584,6/8/2008,miércoles,6,2098.10,0,0,1,,,,,,,,,,,,,,,,,
585,7/8/2008,jueves,7,2077.80,0,0,1,,,,,,,,,,,,,,,,,
586,8/8/2008,viernes,8,1948.88,0,0,1,,,,,,,,,,,,,,,,,
587,9/8/2008,sábado,9,1975.43,1,0,1,,,,,,,,,,,,,,,,,
588,10/8/2008,domingo,10,1975.43,1,1,1,,,,,,,,,,,,,,,,,
589,11/8/2008,lunes,11,1944.03,0,0,1,,,,,,,,,,,,,,,,,
590,12/8/2008,martes,12,2017.97,0,0,1,,,,,,,,,,,,,,,,,
591,13/8/2008,miércoles,13,1997.74,0,0,1,,,,,,,,,,,,,,,,,
592,14/8/2008,jueves,14,2038.06,0,0,1,,,,,,,,,,,,,,,,,
593,15/8/2008,viernes,15,2048.69,0,0,1,,,,,,,,,,,,,,,,,
594,16/8/2008,sábado,16,1911.74,1,0,1,,,,,,,,,,,,,,,,,
595,17/8/2008,domingo,17,1745.22,1,0,1,,,,,,,,,,,,,,,,,
596,18/8/2008,lunes,18,1763.06,0,0,1,,,,,,,,,,,,,,,,,
597,19/8/2008,martes,19,1783.82,0,0,1,,,,,,,,,,,,,,,,,
598,20/8/2008,miércoles,20,2014.64,0,0,1,,,,,,,,,,,,,,,,,
599,21/8/2008,jueves,21,1973.16,0,0,1,,,,,,,,,,,,,,,,,
600,22/8/2008,viernes,22,1905.33,0,0,1,,,,,,,,,,,,,,,,,
601,23/8/2008,sábado,23,1916.99,1,0,1,,,,,,,,,,,,,,,,,
602,24/8/2008,domingo,24,1748.02,1,0,1,,,,,,,,,,,,,,,,,
603,25/8/2008,lunes,25,1913.68,0,0,1,,,,,,,,,,,,,,,,,
604,26/8/2008,martes,26,1850.30,0,0,1,,,,,,,,,,,,,,,,,
605,27/8/2008,miércoles,27,1928.56,0,0,1,,,,,,,,,,,,,,,,,
606,28/8/2008,jueves,28,1943.40,0,0,1,,,,,,,,,,,,,,,,,
607,29/8/2008,viernes,29,1842.18,0,0,1,,,,,,,,,,,,,,,,,
608,30/8/2008,sábado,30,1808.74,1,0,1,,,,,,,,,,,,,,,,,
609,31/8/2008,domingo,31,1744.02,1,0,1,,,,,,,,,,,,,,,,,
610,1/9/2008,lunes,1,1834.29,0,0,1,,,,,,,,,,,,,,,,,
611,2/9/2008,martes,2,1968.64,0,0,1,,,,,,,,,,,,,,,,,
612,3/9/2008,miércoles,3,1876.42,0,0,1,,,,,,,,,,,,,,,,,
613,4/9/2008,jueves,4,1887.79,0,0,1,,,,,,,,,,,,,,,,,
614,5/9/2008,viernes,5,1930.47,0,0,1,,,,,,,,,,,,,,,,,
615,6/9/2008,sábado,6,1952.65,1,0,1,,,,,,,,,,,,,,,,,
616,7/9/2008,domingo,7,1982.18,1,0,1,,,,,,,,,,,,,,,,,
617,8/9/2008,lunes,8,1750.34,0,0,1,,,,,,,,,,,,,,,,,
618,9/9/2008,martes,9,1923.92,0,0,1,,,,,,,,,,,,,,,,,
619,10/9/2008,miércoles,10,1923.92,0,0,1,,,,,,,,,,,,,,,,,
620,11/9/2008,jueves,11,2064.66,0,0,1,,,,,,,,,,,,,,,,,
621,12/9/2008,viernes,12,2027.90,0,0,1,,,,,,,,,,,,,,,,,
622,13/9/2008,sábado,13,2023.71,1,0,1,,,,,,,,,,,,,,,,,
623,14/9/2008,domingo,14,1916.39,1,0,1,,,,,,,,,,,,,,,,,
624,15/9/2008,lunes,15,1934.25,0,0,1,,,,,,,,,,,,,,,,,
625,16/9/2008,martes,16,1923.81,0,0,1,,,,,,,,,,,,,,,,,
626,17/9/2008,miércoles,17,1955.34,0,0,1,,,,,,,,,,,,,,,,,
627,18/9/2008,jueves,18,2050.33,0,0,1,,,,,,,,,,,,,,,,,
628,19/9/2008,viernes,19,1979.18,0,0,1,,,,,,,,,,,,,,,,,
629,20/9/2008,sábado,20,1988.18,1,0,1,,,,,,,,,,,,,,,,,
630,21/9/2008,domingo,21,1730.18,1,0,1,,,,,,,,,,,,,,,,,
631,22/9/2008,lunes,22,1791.71,0,0,1,,,,,,,,,,,,,,,,,
632,23/9/2008,martes,23,2019.93,0,0,1,,,,,,,,,,,,,,,,,
633,24/9/2008,miércoles,24,2010.66,0,0,1,,,,,,,,,,,,,,,,,
634,25/9/2008,jueves,25,1972.48,0,0,1,,,,,,,,,,,,,,,,,
635,26/9/2008,viernes,26,1980.41,0,0,1,,,,,,,,,,,,,,,,,
636,27/9/2008,sábado,27,1873.12,1,0,1,,,,,,,,,,,,,,,,,
637,28/9/2008,domingo,28,1706.78,1,0,1,,,,,,,,,,,,,,,,,
638,29/9/2008,lunes,29,1857.40,0,0,1,,,,,,,,,,,,,,,,,
639,30/9/2008,martes,30,1773.94,0,0,1,,,,,,,,,,,,,,,,,
640,1/10/2008,miércoles,1,1828.26,0,0,0,,,,,,,,,,,,,,,,,
641,2/10/2008,jueves,2,1840.11,0,0,0,,,,,,,,,,,,,,,,,
642,3/10/2008,viernes,3,1919.59,0,0,0,,,,,,,,,,,,,,,,,
643,4/10/2008,sábado,4,1904.82,1,0,0,,,,,,,,,,,,,,,,,
644,5/10/2008,domingo,5,2332.55,1,0,0,,,,,,,,,,,,,,,,,
645,6/10/2008,lunes,6,1774.55,0,0,0,,,,,,,,,,,,,,,,,
646,7/10/2008,martes,7,1896.94,0,0,0,,,,,,,,,,,,,,,,,
647,8/10/2008,miércoles,8,1865.95,0,0,0,,,,,,,,,,,,,,,,,
648,9/10/2008,jueves,9,1880.69,0,1,0,,,,,,,,,,,,,,,,,
649,10/10/2008,viernes,10,1880.69,0,0,0,,,,,,,,,,,,,,,,,
650,11/10/2008,sábado,11,2151.58,1,0,0,,,,,,,,,,,,,,,,,
651,12/10/2008,domingo,12,2079.56,1,0,0,,,,,,,,,,,,,,,,,
652,13/10/2008,lunes,13,1912.91,0,0,0,,,,,,,,,,,,,,,,,
653,14/10/2008,martes,14,2023.19,0,0,0,,,,,,,,,,,,,,,,,
654,15/10/2008,miércoles,15,1836.84,0,0,0,,,,,,,,,,,,,,,,,
655,16/10/2008,jueves,16,1917.37,0,0,0,,,,,,,,,,,,,,,,,
656,17/10/2008,viernes,17,1884.46,0,0,0,,,,,,,,,,,,,,,,,
657,18/10/2008,sábado,18,2217.42,1,0,0,,,,,,,,,,,,,,,,,
658,19/10/2008,domingo,19,2332.55,1,0,0,,,,,,,,,,,,,,,,,
659,20/10/2008,lunes,20,1957.50,0,0,0,,,,,,,,,,,,,,,,,
660,21/10/2008,martes,21,2110.55,0,0,0,,,,,,,,,,,,,,,,,
661,22/10/2008,miércoles,22,1843.69,0,0,0,,,,,,,,,,,,,,,,,
662,23/10/2008,jueves,23,1879.39,0,0,0,,,,,,,,,,,,,,,,,
663,24/10/2008,viernes,24,1705.09,0,0,0,,,,,,,,,,,,,,,,,
664,25/10/2008,sábado,25,2085.74,1,0,0,,,,,,,,,,,,,,,,,
665,26/10/2008,domingo,26,2079.56,1,0,0,,,,,,,,,,,,,,,,,
666,27/10/2008,lunes,27,2035.64,0,0,0,,,,,,,,,,,,,,,,,
667,28/10/2008,martes,28,2001.48,0,0,0,,,,,,,,,,,,,,,,,
668,29/10/2008,miércoles,29,2071.97,0,0,0,,,,,,,,,,,,,,,,,
669,30/10/2008,jueves,30,2125.33,0,0,0,,,,,,,,,,,,,,,,,
670,31/10/2008,viernes,31,2094.11,0,0,0,,,,,,,,,,,,,,,,,
671,1/11/2008,sábado,1,1996.16,1,0,0,,,,,,,,,,,,,,,,,
672,2/11/2008,domingo,2,1902.18,1,1,0,,,,,,,,,,,,,,,,,
673,3/11/2008,lunes,3,1931.76,0,1,0,,,,,,,,,,,,,,,,,
674,4/11/2008,martes,4,2044.90,0,0,0,,,,,,,,,,,,,,,,,
675,5/11/2008,miércoles,5,2115.29,0,0,0,,,,,,,,,,,,,,,,,
676,6/11/2008,jueves,6,2154.25,0,0,0,,,,,,,,,,,,,,,,,
677,7/11/2008,viernes,7,2098.36,0,0,0,,,,,,,,,,,,,,,,,
678,8/11/2008,sábado,8,2105.63,1,0,0,,,,,,,,,,,,,,,,,
679,9/11/2008,domingo,9,2081.26,1,0,0,,,,,,,,,,,,,,,,,
680,10/11/2008,lunes,10,2081.26,0,0,0,,,,,,,,,,,,,,,,,
681,11/11/2008,martes,11,2037.28,0,0,0,,,,,,,,,,,,,,,,,
682,12/11/2008,miércoles,12,2050.28,0,0,0,,,,,,,,,,,,,,,,,
683,13/11/2008,jueves,13,2002.74,0,0,0,,,,,,,,,,,,,,,,,
684,14/11/2008,viernes,14,2108.30,0,0,0,,,,,,,,,,,,,,,,,
685,15/11/2008,sábado,15,2050.83,1,0,0,,,,,,,,,,,,,,,,,
686,16/11/2008,domingo,16,2060.69,1,0,0,,,,,,,,,,,,,,,,,
687,17/11/2008,lunes,17,2000.16,0,0,0,,,,,,,,,,,,,,,,,
688,18/11/2008,martes,18,2183.81,0,0,0,,,,,,,,,,,,,,,,,
689,19/11/2008,miércoles,19,2143.34,0,0,0,,,,,,,,,,,,,,,,,
690,20/11/2008,jueves,20,2069.55,0,0,0,,,,,,,,,,,,,,,,,
691,21/11/2008,viernes,21,2103.90,0,0,0,,,,,,,,,,,,,,,,,
692,22/11/2008,sábado,22,2125.45,1,0,0,,,,,,,,,,,,,,,,,
693,23/11/2008,domingo,23,2057.07,1,0,0,,,,,,,,,,,,,,,,,
694,24/11/2008,lunes,24,2061.77,0,0,0,,,,,,,,,,,,,,,,,
695,25/11/2008,martes,25,2087.18,0,0,0,,,,,,,,,,,,,,,,,
696,26/11/2008,miércoles,26,2204.05,0,0,0,,,,,,,,,,,,,,,,,
697,27/11/2008,jueves,27,2085.37,0,0,0,,,,,,,,,,,,,,,,,
698,28/11/2008,viernes,28,2053.42,0,0,0,,,,,,,,,,,,,,,,,
699,29/11/2008,sábado,29,2119.00,1,0,0,,,,,,,,,,,,,,,,,
700,30/11/2008,domingo,30,1978.32,1,0,0,,,,,,,,,,,,,,,,,
701,1/12/2008,lunes,1,2131.50,0,0,0,,,,,,,,,,,,,,,,,
702,2/12/2008,martes,2,2099.64,0,0,0,,,,,,,,,,,,,,,,,
703,3/12/2008,miércoles,3,2085.43,0,0,0,,,,,,,,,,,,,,,,,
704,4/12/2008,jueves,4,1936.90,0,0,0,,,,,,,,,,,,,,,,,
705,5/12/2008,viernes,5,1816.06,0,0,0,,,,,,,,,,,,,,,,,
706,6/12/2008,sábado,6,1990.76,1,1,0,,,,,,,,,,,,,,,,,
707,7/12/2008,domingo,7,1920.25,1,0,0,,,,,,,,,,,,,,,,,
708,8/12/2008,lunes,8,2065.73,0,0,0,,,,,,,,,,,,,,,,,
709,9/12/2008,martes,9,2055.05,0,0,0,,,,,,,,,,,,,,,,,
710,10/12/2008,miércoles,10,2055.05,0,0,0,,,,,,,,,,,,,,,,,
711,11/12/2008,jueves,11,2004.67,0,0,0,,,,,,,,,,,,,,,,,
712,12/12/2008,viernes,12,2012.21,0,0,0,,,,,,,,,,,,,,,,,
713,13/12/2008,sábado,13,1861.10,1,0,0,,,,,,,,,,,,,,,,,
714,14/12/2008,domingo,14,1970.94,1,0,0,,,,,,,,,,,,,,,,,
715,15/12/2008,lunes,15,2079.80,0,0,0,,,,,,,,,,,,,,,,,
716,16/12/2008,martes,16,2043.47,0,0,0,,,,,,,,,,,,,,,,,
717,17/12/2008,miércoles,17,2147.41,0,0,0,,,,,,,,,,,,,,,,,
718,18/12/2008,jueves,18,2154.74,0,0,0,,,,,,,,,,,,,,,,,
719,19/12/2008,viernes,19,2090.29,0,0,0,,,,,,,,,,,,,,,,,
720,20/12/2008,sábado,20,2134.26,1,0,0,,,,,,,,,,,,,,,,,
721,21/12/2008,domingo,21,1910.33,1,0,0,,,,,,,,,,,,,,,,,
722,22/12/2008,lunes,22,2086.73,0,0,0,,,,,,,,,,,,,,,,,
723,23/12/2008,martes,23,2069.69,0,0,0,,,,,,,,,,,,,,,,,
724,24/12/2008,miércoles,24,2062.71,0,0,0,,,,,,,,,,,,,,,,,
725,25/12/2008,jueves,25,1962.82,0,1,0,,,,,,,,,,,,,,,,,
726,26/12/2008,viernes,26,2079.01,0,0,0,,,,,,,,,,,,,,,,,
727,27/12/2008,sábado,27,2014.52,1,0,0,,,,,,,,,,,,,,,,,
728,28/12/2008,domingo,28,1942.36,1,0,0,,,,,,,,,,,,,,,,,
729,29/12/2008,lunes,29,2045.30,0,0,0,,,,,,,,,,,,,,,,,
730,30/12/2008,martes,30,2055.50,0,0,0,,,,,,,,,,,,,,,,,
731,31/12/2008,miércoles,31,2052.50,0,0,0,,,,,,,,,,,,,,,,,
732,1/1/2009,jueves,1,1787.44,0,1,0,,,,,,,,,,,,,,,,,
733,2/1/2009,viernes,2,1781.26,0,0,0,,,,,,,,,,,,,,,,,
734,3/1/2009,sábado,3,1927.10,1,0,0,,,,,,,,,,,,,,,,,
735,4/1/2009,domingo,4,1926.39,1,0,0,,,,,,,,,,,,,,,,,
736,5/1/2009,lunes,5,2055.44,0,0,0,,,,,,,,,,,,,,,,,
737,6/1/2009,martes,6,2091.80,0,0,0,,,,,,,,,,,,,,,,,
738,7/1/2009,miércoles,7,2197.64,0,0,0,,,,,,,,,,,,,,,,,
739,8/1/2009,jueves,8,2103.69,0,0,0,,,,,,,,,,,,,,,,,
740,9/1/2009,viernes,9,2101.00,0,0,0,,,,,,,,,,,,,,,,,
741,10/1/2009,sábado,10,2023.15,1,0,0,,,,,,,,,,,,,,,,,
742,11/1/2009,domingo,11,2057.61,1,0,0,,,,,,,,,,,,,,,,,
743,12/1/2009,lunes,12,2002.46,0,0,0,,,,,,,,,,,,,,,,,
744,13/1/2009,martes,13,2080.71,0,0,0,,,,,,,,,,,,,,,,,
745,14/1/2009,miércoles,14,1993.70,0,0,0,,,,,,,,,,,,,,,,,
746,15/1/2009,jueves,15,1943.76,0,0,0,,,,,,,,,,,,,,,,,
747,16/1/2009,viernes,16,2156.37,0,0,0,,,,,,,,,,,,,,,,,
748,17/1/2009,sábado,17,2046.33,1,0,0,,,,,,,,,,,,,,,,,
749,18/1/2009,domingo,18,2051.82,1,0,0,,,,,,,,,,,,,,,,,
750,19/1/2009,lunes,19,2168.99,0,0,0,,,,,,,,,,,,,,,,,
751,20/1/2009,martes,20,2153.00,0,0,0,,,,,,,,,,,,,,,,,
752,21/1/2009,miércoles,21,2144.51,0,0,0,,,,,,,,,,,,,,,,,
753,22/1/2009,jueves,22,2103.23,0,0,0,,,,,,,,,,,,,,,,,
754,23/1/2009,viernes,23,2168.26,0,0,0,,,,,,,,,,,,,,,,,
755,24/1/2009,sábado,24,2140.14,1,0,0,,,,,,,,,,,,,,,,,
756,25/1/2009,domingo,25,2052.90,1,0,0,,,,,,,,,,,,,,,,,
757,26/1/2009,lunes,26,1984.01,0,0,0,,,,,,,,,,,,,,,,,
758,27/1/2009,martes,27,2077.29,0,0,0,,,,,,,,,,,,,,,,,
759,28/1/2009,miércoles,28,2055.71,0,0,0,,,,,,,,,,,,,,,,,
760,29/1/2009,jueves,29,1984.53,0,0,0,,,,,,,,,,,,,,,,,
761,30/1/2009,viernes,30,2141.87,0,0,0,,,,,,,,,,,,,,,,,
762,31/1/2009,sábado,31,2065.17,1,0,0,,,,,,,,,,,,,,,,,
763,1/2/2009,domingo,1,2143.65,1,0,0,,,,,,,,,,,,,,,,,
764,2/2/2009,lunes,2,2187.14,0,0,0,,,,,,,,,,,,,,,,,
765,3/2/2009,martes,3,2127.99,0,0,0,,,,,,,,,,,,,,,,,
766,4/2/2009,miércoles,4,1870.91,0,0,0,,,,,,,,,,,,,,,,,
767,5/2/2009,jueves,5,2162.14,0,0,0,,,,,,,,,,,,,,,,,
768,6/2/2009,viernes,6,2182.10,0,0,0,,,,,,,,,,,,,,,,,
769,7/2/2009,sábado,7,2111.53,1,0,0,,,,,,,,,,,,,,,,,
770,8/2/2009,domingo,8,2245.60,1,0,0,,,,,,,,,,,,,,,,,
771,9/2/2009,lunes,9,2076.22,0,0,0,,,,,,,,,,,,,,,,,
772,10/2/2009,martes,10,2212.51,0,0,0,,,,,,,,,,,,,,,,,
773,11/2/2009,miércoles,11,2153.71,0,0,0,,,,,,,,,,,,,,,,,
774,12/2/2009,jueves,12,2151.44,0,0,0,,,,,,,,,,,,,,,,,
775,13/2/2009,viernes,13,2137.17,0,0,0,,,,,,,,,,,,,,,,,
776,14/2/2009,sábado,14,2097.93,1,0,0,,,,,,,,,,,,,,,,,
777,15/2/2009,domingo,15,2048.55,1,0,0,,,,,,,,,,,,,,,,,
778,16/2/2009,lunes,16,1915.47,0,0,0,,,,,,,,,,,,,,,,,
779,17/2/2009,martes,17,2090.48,0,0,0,,,,,,,,,,,,,,,,,
780,18/2/2009,miércoles,18,2117.17,0,0,0,,,,,,,,,,,,,,,,,
781,19/2/2009,jueves,19,2067.89,0,0,0,,,,,,,,,,,,,,,,,
782,20/2/2009,viernes,20,2118.13,0,0,0,,,,,,,,,,,,,,,,,
783,21/2/2009,sábado,21,2092.82,1,0,0,,,,,,,,,,,,,,,,,
784,22/2/2009,domingo,22,1883.61,1,0,0,,,,,,,,,,,,,,,,,
785,23/2/2009,lunes,23,1994.47,0,1,0,,,,,,,,,,,,,,,,,
786,24/2/2009,martes,24,2080.98,0,1,0,,,,,,,,,,,,,,,,,
787,25/2/2009,miércoles,25,2105.27,0,0,0,,,,,,,,,,,,,,,,,
788,26/2/2009,jueves,26,2137.89,0,0,0,,,,,,,,,,,,,,,,,
789,27/2/2009,viernes,27,2070.97,0,0,0,,,,,,,,,,,,,,,,,
790,28/2/2009,sábado,28,2132.29,1,0,0,,,,,,,,,,,,,,,,,
791,1/3/2009,domingo,1,2129.75,1,0,0,,,,,,,,,,,,,,,,,
792,2/3/2009,lunes,2,2180.95,0,0,0,,,,,,,,,,,,,,,,,
793,3/3/2009,martes,3,2172.71,0,0,0,,,,,,,,,,,,,,,,,
794,4/3/2009,miércoles,4,2115.96,0,0,0,,,,,,,,,,,,,,,,,
795,5/3/2009,jueves,5,2234.60,0,0,0,,,,,,,,,,,,,,,,,
796,6/3/2009,viernes,6,2283.70,0,0,0,,,,,,,,,,,,,,,,,
797,7/3/2009,sábado,7,2233.59,1,0,0,,,,,,,,,,,,,,,,,
798,8/3/2009,domingo,8,2314.74,1,0,0,,,,,,,,,,,,,,,,,
799,9/3/2009,lunes,9,2142.60,0,0,0,,,,,,,,,,,,,,,,,
800,10/3/2009,martes,10,2377.04,0,0,0,,,,,,,,,,,,,,,,,
801,11/3/2009,miércoles,11,2329.25,0,0,0,,,,,,,,,,,,,,,,,
802,12/3/2009,jueves,12,2166.74,0,0,0,,,,,,,,,,,,,,,,,
803,13/3/2009,viernes,13,2127.60,0,0,0,,,,,,,,,,,,,,,,,
804,14/3/2009,sábado,14,2120.68,1,0,0,,,,,,,,,,,,,,,,,
805,15/3/2009,domingo,15,2053.01,1,0,0,,,,,,,,,,,,,,,,,
806,16/3/2009,lunes,16,2132.94,0,0,0,,,,,,,,,,,,,,,,,
807,17/3/2009,martes,17,2254.78,0,0,0,,,,,,,,,,,,,,,,,
808,18/3/2009,miércoles,18,2234.72,0,0,0,,,,,,,,,,,,,,,,,
809,19/3/2009,jueves,19,2251.20,0,0,0,,,,,,,,,,,,,,,,,
810,20/3/2009,viernes,20,2205.65,0,0,0,,,,,,,,,,,,,,,,,
811,21/3/2009,sábado,21,2177.13,1,0,0,,,,,,,,,,,,,,,,,
812,22/3/2009,domingo,22,2222.25,1,0,0,,,,,,,,,,,,,,,,,
813,23/3/2009,lunes,23,2152.17,0,0,0,,,,,,,,,,,,,,,,,
814,24/3/2009,martes,24,2218.18,0,0,0,,,,,,,,,,,,,,,,,
815,25/3/2009,miércoles,25,2226.64,0,0,0,,,,,,,,,,,,,,,,,
816,26/3/2009,jueves,26,2217.51,0,0,0,,,,,,,,,,,,,,,,,
817,27/3/2009,viernes,27,2050.12,0,0,0,,,,,,,,,,,,,,,,,
818,28/3/2009,sábado,28,2124.34,1,0,0,,,,,,,,,,,,,,,,,
819,29/3/2009,domingo,29,1977.03,1,0,0,,,,,,,,,,,,,,,,,
820,30/3/2009,lunes,30,1818.89,0,0,0,,,,,,,,,,,,,,,,,
821,31/3/2009,martes,31,2167.92,0,0,0,,,,,,,,,,,,,,,,,
822,1/4/2009,miércoles,1,2178.66,0,0,0,,,,,,,,,,,,,,,,,
823,2/4/2009,jueves,2,2111.92,0,0,0,,,,,,,,,,,,,,,,,
824,3/4/2009,viernes,3,2213.18,0,0,0,,,,,,,,,,,,,,,,,
825,4/4/2009,sábado,4,2128.70,1,0,0,,,,,,,,,,,,,,,,,
826,5/4/2009,domingo,5,2029.98,1,0,0,,,,,,,,,,,,,,,,,
827,6/4/2009,lunes,6,2181.88,0,0,0,,,,,,,,,,,,,,,,,
828,7/4/2009,martes,7,2145.75,0,0,0,,,,,,,,,,,,,,,,,
829,8/4/2009,miércoles,8,2190.46,0,0,0,,,,,,,,,,,,,,,,,
830,9/4/2009,jueves,9,2184.29,0,0,0,,,,,,,,,,,,,,,,,
831,10/4/2009,viernes,10,1887.05,0,1,0,,,,,,,,,,,,,,,,,
832,11/4/2009,sábado,11,1925.03,1,0,0,,,,,,,,,,,,,,,,,
833,12/4/2009,domingo,12,1924.09,1,0,0,,,,,,,,,,,,,,,,,
834,13/4/2009,lunes,13,2096.35,0,0,0,,,,,,,,,,,,,,,,,
835,14/4/2009,martes,14,2200.55,0,0,0,,,,,,,,,,,,,,,,,
836,15/4/2009,miércoles,15,2215.48,0,0,0,,,,,,,,,,,,,,,,,
837,16/4/2009,jueves,16,2184.96,0,0,0,,,,,,,,,,,,,,,,,
838,17/4/2009,viernes,17,2219.94,0,0,0,,,,,,,,,,,,,,,,,
839,18/4/2009,sábado,18,2199.18,1,0,0,,,,,,,,,,,,,,,,,
840,19/4/2009,domingo,19,2143.57,1,0,0,,,,,,,,,,,,,,,,,
841,20/4/2009,lunes,20,2189.23,0,0,0,,,,,,,,,,,,,,,,,
842,21/4/2009,martes,21,2220.05,0,0,0,,,,,,,,,,,,,,,,,
843,22/4/2009,miércoles,22,2177.40,0,0,0,,,,,,,,,,,,,,,,,
844,23/4/2009,jueves,23,2045.29,0,0,0,,,,,,,,,,,,,,,,,
845,24/4/2009,viernes,24,2050.12,0,0,0,,,,,,,,,,,,,,,,,
846,25/4/2009,sábado,25,2026.86,1,0,0,,,,,,,,,,,,,,,,,
847,26/4/2009,domingo,26,2033.83,1,0,0,,,,,,,,,,,,,,,,,
848,27/4/2009,lunes,27,2155.82,0,0,0,,,,,,,,,,,,,,,,,
849,28/4/2009,martes,28,2188.78,0,0,0,,,,,,,,,,,,,,,,,
850,29/4/2009,miércoles,29,2190.50,0,0,0,,,,,,,,,,,,,,,,,
851,30/4/2009,jueves,30,2131.62,0,0,0,,,,,,,,,,,,,,,,,
852,1/5/2009,viernes,1,2285.06,0,1,0,,,,,,,,,,,,,,,,,
853,2/5/2009,sábado,2,2042.06,1,0,0,,,,,,,,,,,,,,,,,
854,3/5/2009,domingo,3,2051.55,1,0,0,,,,,,,,,,,,,,,,,
855,4/5/2009,lunes,4,2247.12,0,0,0,,,,,,,,,,,,,,,,,
856,5/5/2009,martes,5,2249.51,0,0,0,,,,,,,,,,,,,,,,,
857,6/5/2009,miércoles,6,2224.80,0,0,0,,,,,,,,,,,,,,,,,
858,7/5/2009,jueves,7,2278.72,0,0,0,,,,,,,,,,,,,,,,,
859,8/5/2009,viernes,8,2350.19,0,0,0,,,,,,,,,,,,,,,,,
860,9/5/2009,sábado,9,2214.44,1,0,0,,,,,,,,,,,,,,,,,
861,10/5/2009,domingo,10,2203.50,1,0,0,,,,,,,,,,,,,,,,,
862,11/5/2009,lunes,11,2219.53,0,0,0,,,,,,,,,,,,,,,,,
863,12/5/2009,martes,12,2233.31,0,0,0,,,,,,,,,,,,,,,,,
864,13/5/2009,miércoles,13,2322.98,0,0,0,,,,,,,,,,,,,,,,,
865,14/5/2009,jueves,14,1981.46,0,0,0,,,,,,,,,,,,,,,,,
866,15/5/2009,viernes,15,2317.63,0,0,0,,,,,,,,,,,,,,,,,
867,16/5/2009,sábado,16,2128.25,1,0,0,,,,,,,,,,,,,,,,,
868,17/5/2009,domingo,17,2127.52,1,0,0,,,,,,,,,,,,,,,,,
869,18/5/2009,lunes,18,2233.33,0,0,0,,,,,,,,,,,,,,,,,
870,19/5/2009,martes,19,2241.41,0,0,0,,,,,,,,,,,,,,,,,
871,20/5/2009,miércoles,20,2276.89,0,0,0,,,,,,,,,,,,,,,,,
872,21/5/2009,jueves,21,2130.09,0,0,0,,,,,,,,,,,,,,,,,
873,22/5/2009,viernes,22,2352.61,0,0,0,,,,,,,,,,,,,,,,,
874,23/5/2009,sábado,23,2253.12,1,0,0,,,,,,,,,,,,,,,,,
875,24/5/2009,domingo,24,2288.26,1,1,0,,,,,,,,,,,,,,,,,
876,25/5/2009,lunes,25,2014.49,0,0,0,,,,,,,,,,,,,,,,,
877,26/5/2009,martes,26,2118.59,0,0,0,,,,,,,,,,,,,,,,,
878,27/5/2009,miércoles,27,2268.94,0,0,0,,,,,,,,,,,,,,,,,
879,28/5/2009,jueves,28,2325.73,0,0,0,,,,,,,,,,,,,,,,,
880,29/5/2009,viernes,29,2237.75,0,0,0,,,,,,,,,,,,,,,,,
881,30/5/2009,sábado,30,2223.78,1,0,0,,,,,,,,,,,,,,,,,
882,31/5/2009,domingo,31,2209.80,1,0,0,,,,,,,,,,,,,,,,,
883,1/6/2009,lunes,1,1777.01,0,0,1,,,,,,,,,,,,,,,,,
884,2/6/2009,martes,2,2477.09,0,0,1,,,,,,,,,,,,,,,,,
885,3/6/2009,miércoles,3,2375.31,0,0,1,,,,,,,,,,,,,,,,,
886,4/6/2009,jueves,4,2438.88,0,0,1,,,,,,,,,,,,,,,,,
887,5/6/2009,viernes,5,2467.47,0,0,1,,,,,,,,,,,,,,,,,
888,6/6/2009,sábado,6,2282.47,1,0,1,,,,,,,,,,,,,,,,,
889,7/6/2009,domingo,7,2366.72,1,0,1,,,,,,,,,,,,,,,,,
890,8/6/2009,lunes,8,2251.97,0,0,1,,,,,,,,,,,,,,,,,
891,9/6/2009,martes,9,2437.61,0,0,1,,,,,,,,,,,,,,,,,
892,10/6/2009,miércoles,10,2435.36,0,0,1,,,,,,,,,,,,,,,,,
893,11/6/2009,jueves,11,2232.91,0,0,1,,,,,,,,,,,,,,,,,
894,12/6/2009,viernes,12,2212.56,0,0,1,,,,,,,,,,,,,,,,,
895,13/6/2009,sábado,13,2268.24,1,0,1,,,,,,,,,,,,,,,,,
896,14/6/2009,domingo,14,2121.55,1,0,1,,,,,,,,,,,,,,,,,
897,15/6/2009,lunes,15,2214.65,0,0,1,,,,,,,,,,,,,,,,,
898,16/6/2009,martes,16,2277.03,0,0,1,,,,,,,,,,,,,,,,,
899,17/6/2009,miércoles,17,2305.50,0,0,1,,,,,,,,,,,,,,,,,
900,18/6/2009,jueves,18,2338.74,0,0,1,,,,,,,,,,,,,,,,,
901,19/6/2009,viernes,19,2340.01,0,0,1,,,,,,,,,,,,,,,,,
902,20/6/2009,sábado,20,1846.87,1,0,1,,,,,,,,,,,,,,,,,
903,21/6/2009,domingo,21,2224.86,1,0,1,,,,,,,,,,,,,,,,,
904,22/6/2009,lunes,22,2300.82,0,0,1,,,,,,,,,,,,,,,,,
905,23/6/2009,martes,23,2340.61,0,0,1,,,,,,,,,,,,,,,,,
906,24/6/2009,miércoles,24,2351.71,0,0,1,,,,,,,,,,,,,,,,,
907,25/6/2009,jueves,25,2293.07,0,0,1,,,,,,,,,,,,,,,,,
908,26/6/2009,viernes,26,2385.80,0,0,1,,,,,,,,,,,,,,,,,
909,27/6/2009,sábado,27,2396.57,1,0,1,,,,,,,,,,,,,,,,,
910,28/6/2009,domingo,28,2290.41,1,0,1,,,,,,,,,,,,,,,,,
911,29/6/2009,lunes,29,2357.59,0,0,1,,,,,,,,,,,,,,,,,
912,30/6/2009,martes,30,2341.55,0,0,1,,,,,,,,,,,,,,,,,
913,1/7/2009,miércoles,1,2292.69,0,0,1,,,,,,,,,,,,,,,,,
914,2/7/2009,jueves,2,2396.02,0,0,1,,,,,,,,,,,,,,,,,
915,3/7/2009,viernes,3,2335.94,0,0,1,,,,,,,,,,,,,,,,,
916,4/7/2009,sábado,4,2237.75,1,0,1,,,,,,,,,,,,,,,,,
917,5/7/2009,domingo,5,2200.33,1,0,1,,,,,,,,,,,,,,,,,
918,6/7/2009,lunes,6,2359.69,0,0,1,,,,,,,,,,,,,,,,,
919,7/7/2009,martes,7,2662.31,0,0,1,,,,,,,,,,,,,,,,,
920,8/7/2009,miércoles,8,2384.00,0,0,1,,,,,,,,,,,,,,,,,
921,9/7/2009,jueves,9,2331.51,0,0,1,,,,,,,,,,,,,,,,,
922,10/7/2009,viernes,10,2328.84,0,0,1,,,,,,,,,,,,,,,,,
923,11/7/2009,sábado,11,2337.05,1,0,1,,,,,,,,,,,,,,,,,
924,12/7/2009,domingo,12,2191.54,1,0,1,,,,,,,,,,,,,,,,,
925,13/7/2009,lunes,13,2296.02,0,0,1,,,,,,,,,,,,,,,,,
926,14/7/2009,martes,14,2314.53,0,0,1,,,,,,,,,,,,,,,,,
927,15/7/2009,miércoles,15,2422.70,0,0,1,,,,,,,,,,,,,,,,,
928,16/7/2009,jueves,16,2408.88,0,0,1,,,,,,,,,,,,,,,,,
929,17/7/2009,viernes,17,1791.82,0,0,1,,,,,,,,,,,,,,,,,
930,18/7/2009,sábado,18,2610.97,1,0,1,,,,,,,,,,,,,,,,,
931,19/7/2009,domingo,19,2355.38,1,0,1,,,,,,,,,,,,,,,,,
932,20/7/2009,lunes,20,2305.49,0,0,1,,,,,,,,,,,,,,,,,
933,21/7/2009,martes,21,1963.07,0,0,1,,,,,,,,,,,,,,,,,
934,22/7/2009,miércoles,22,2190.16,0,0,1,,,,,,,,,,,,,,,,,
935,23/7/2009,jueves,23,2232.54,0,0,1,,,,,,,,,,,,,,,,,
936,24/7/2009,viernes,24,2319.72,0,0,1,,,,,,,,,,,,,,,,,
937,25/7/2009,sábado,25,2291.54,1,0,1,,,,,,,,,,,,,,,,,
938,26/7/2009,domingo,26,2236.82,1,0,1,,,,,,,,,,,,,,,,,
939,27/7/2009,lunes,27,2302.13,0,0,1,,,,,,,,,,,,,,,,,
940,28/7/2009,martes,28,2292.49,0,0,1,,,,,,,,,,,,,,,,,
941,29/7/2009,miércoles,29,2285.23,0,0,1,,,,,,,,,,,,,,,,,
942,30/7/2009,jueves,30,2303.23,0,0,1,,,,,,,,,,,,,,,,,
943,31/7/2009,viernes,31,2323.15,0,0,1,,,,,,,,,,,,,,,,,
944,1/8/2009,sábado,1,2316.77,1,0,1,,,,,,,,,,,,,,,,,
945,2/8/2009,domingo,2,2234.26,1,0,1,,,,,,,,,,,,,,,,,
946,3/8/2009,lunes,3,2237.25,0,0,1,,,,,,,,,,,,,,,,,
947,4/8/2009,martes,4,2265.73,0,0,1,,,,,,,,,,,,,,,,,
948,5/8/2009,miércoles,5,2278.19,0,0,1,,,,,,,,,,,,,,,,,
949,6/8/2009,jueves,6,2293.22,0,0,1,,,,,,,,,,,,,,,,,
950,7/8/2009,viernes,7,2268.58,0,0,1,,,,,,,,,,,,,,,,,
951,8/8/2009,sábado,8,2242.42,1,0,1,,,,,,,,,,,,,,,,,
952,9/8/2009,domingo,9,2271.26,1,0,1,,,,,,,,,,,,,,,,,
953,10/8/2009,lunes,10,2265.84,0,1,1,,,,,,,,,,,,,,,,,
954,11/8/2009,martes,11,2215.46,0,0,1,,,,,,,,,,,,,,,,,
955,12/8/2009,miércoles,12,2192.97,0,0,1,,,,,,,,,,,,,,,,,
956,13/8/2009,jueves,13,2213.55,0,0,1,,,,,,,,,,,,,,,,,
957,14/8/2009,viernes,14,2230.00,0,0,1,,,,,,,,,,,,,,,,,
958,15/8/2009,sábado,15,2259.79,1,0,1,,,,,,,,,,,,,,,,,
959,16/8/2009,domingo,16,2252.76,1,0,1,,,,,,,,,,,,,,,,,
960,17/8/2009,lunes,17,2251.55,0,0,1,,,,,,,,,,,,,,,,,
961,18/8/2009,martes,18,2012.90,0,0,1,,,,,,,,,,,,,,,,,
962,19/8/2009,miércoles,19,2031.90,0,0,1,,,,,,,,,,,,,,,,,
963,20/8/2009,jueves,20,1869.34,0,0,1,,,,,,,,,,,,,,,,,
964,21/8/2009,viernes,21,2275.68,0,0,1,,,,,,,,,,,,,,,,,
965,22/8/2009,sábado,22,803.70,1,0,1,,,,,,,,,,,,,,,,,
966,23/8/2009,domingo,23,1861.73,1,0,1,,,,,,,,,,,,,,,,,
967,24/8/2009,lunes,24,1890.65,0,0,1,,,,,,,,,,,,,,,,,
968,25/8/2009,martes,25,1797.84,0,0,1,,,,,,,,,,,,,,,,,
969,26/8/2009,miércoles,26,1894.51,0,0,1,,,,,,,,,,,,,,,,,
970,27/8/2009,jueves,27,1979.59,0,0,1,,,,,,,,,,,,,,,,,
971,28/8/2009,viernes,28,2233.13,0,0,1,,,,,,,,,,,,,,,,,
972,29/8/2009,sábado,29,1781.11,1,0,1,,,,,,,,,,,,,,,,,
973,30/8/2009,domingo,30,2189.49,1,0,1,,,,,,,,,,,,,,,,,
974,31/8/2009,lunes,31,2091.96,0,0,1,,,,,,,,,,,,,,,,,
975,1/9/2009,martes,1,2227.96,0,0,1,,,,,,,,,,,,,,,,,
976,2/9/2009,miércoles,2,2169.29,0,0,1,,,,,,,,,,,,,,,,,
977,3/9/2009,jueves,3,1759.08,0,0,1,,,,,,,,,,,,,,,,,
978,4/9/2009,viernes,4,2318.24,0,0,1,,,,,,,,,,,,,,,,,
979,5/9/2009,sábado,5,2072.20,1,0,1,,,,,,,,,,,,,,,,,
980,6/9/2009,domingo,6,2174.87,1,0,1,,,,,,,,,,,,,,,,,
981,7/9/2009,lunes,7,2303.16,0,0,1,,,,,,,,,,,,,,,,,
982,8/9/2009,martes,8,2113.85,0,0,1,,,,,,,,,,,,,,,,,
983,9/9/2009,miércoles,9,2273.04,0,0,1,,,,,,,,,,,,,,,,,
984,10/9/2009,jueves,10,2261.63,0,0,1,,,,,,,,,,,,,,,,,
985,11/9/2009,viernes,11,1795.48,0,0,1,,,,,,,,,,,,,,,,,
986,12/9/2009,sábado,12,2590.17,1,0,1,,,,,,,,,,,,,,,,,
987,13/9/2009,domingo,13,2124.77,1,0,1,,,,,,,,,,,,,,,,,
988,14/9/2009,lunes,14,1762.56,0,0,1,,,,,,,,,,,,,,,,,
989,15/9/2009,martes,15,1943.66,0,0,1,,,,,,,,,,,,,,,,,
990,16/9/2009,miércoles,16,2159.17,0,0,1,,,,,,,,,,,,,,,,,
991,17/9/2009,jueves,17,2068.24,0,0,1,,,,,,,,,,,,,,,,,
992,18/9/2009,viernes,18,2281.38,0,0,1,,,,,,,,,,,,,,,,,
993,19/9/2009,sábado,19,1936.25,1,0,1,,,,,,,,,,,,,,,,,
994,20/9/2009,domingo,20,2048.64,1,0,1,,,,,,,,,,,,,,,,,
995,21/9/2009,lunes,21,2357.34,0,0,1,,,,,,,,,,,,,,,,,
996,22/9/2009,martes,22,2205.42,0,0,1,,,,,,,,,,,,,,,,,
997,23/9/2009,miércoles,23,1245.98,0,0,1,,,,,,,,,,,,,,,,,
998,24/9/2009,jueves,24,2385.81,0,0,1,,,,,,,,,,,,,,,,,
999,25/9/2009,viernes,25,2185.41,0,0,1,,,,,,,,,,,,,,,,,
1000,26/9/2009,sábado,26,1690.17,1,0,1,,,,,,,,,,,,,,,,,
1001,27/9/2009,domingo,27,2351.19,1,0,1,,,,,,,,,,,,,,,,,
1002,28/9/2009,lunes,28,2178.00,0,0,1,,,,,,,,,,,,,,,,,
1003,29/9/2009,martes,29,2367.70,0,0,1,,,,,,,,,,,,,,,,,
1004,30/9/2009,miércoles,30,2302.92,0,0,1,,,,,,,,,,,,,,,,,
1005,1/10/2009,jueves,1,2167.94,0,0,0,,,,,,,,,,,,,,,,,
1006,2/10/2009,viernes,2,2265.83,0,0,0,,,,,,,,,,,,,,,,,
1007,3/10/2009,sábado,3,2232.10,1,0,0,,,,,,,,,,,,,,,,,
1008,4/10/2009,domingo,4,2042.37,1,0,0,,,,,,,,,,,,,,,,,
1009,5/10/2009,lunes,5,1928.35,0,0,0,,,,,,,,,,,,,,,,,
1010,6/10/2009,martes,6,2268.33,0,0,0,,,,,,,,,,,,,,,,,
1011,7/10/2009,miércoles,7,2221.30,0,0,0,,,,,,,,,,,,,,,,,
1012,8/10/2009,jueves,8,2307.67,0,0,0,,,,,,,,,,,,,,,,,
1013,9/10/2009,viernes,9,2177.96,0,1,0,,,,,,,,,,,,,,,,,
1014,10/10/2009,sábado,10,2104.11,1,0,0,,,,,,,,,,,,,,,,,
1015,11/10/2009,domingo,11,2035.13,1,0,0,,,,,,,,,,,,,,,,,
1016,12/10/2009,lunes,12,1995.15,0,0,0,,,,,,,,,,,,,,,,,
1017,13/10/2009,martes,13,2042.46,0,0,0,,,,,,,,,,,,,,,,,
1018,14/10/2009,miércoles,14,1964.81,0,0,0,,,,,,,,,,,,,,,,,
1019,15/10/2009,jueves,15,1989.56,0,0,0,,,,,,,,,,,,,,,,,
1020,16/10/2009,viernes,16,1999.54,0,0,0,,,,,,,,,,,,,,,,,
1021,17/10/2009,sábado,17,2048.23,1,0,0,,,,,,,,,,,,,,,,,
1022,18/10/2009,domingo,18,2073.89,1,0,0,,,,,,,,,,,,,,,,,
1023,19/10/2009,lunes,19,1997.64,0,0,0,,,,,,,,,,,,,,,,,
1024,20/10/2009,martes,20,2010.27,0,0,0,,,,,,,,,,,,,,,,,
1025,21/10/2009,miércoles,21,1910.72,0,0,0,,,,,,,,,,,,,,,,,
1026,22/10/2009,jueves,22,1904.69,0,0,0,,,,,,,,,,,,,,,,,
1027,23/10/2009,viernes,23,2001.68,0,0,0,,,,,,,,,,,,,,,,,
1028,24/10/2009,sábado,24,1984.13,1,0,0,,,,,,,,,,,,,,,,,
1029,25/10/2009,domingo,25,1963.06,1,0,0,,,,,,,,,,,,,,,,,
1030,26/10/2009,lunes,26,2019.92,0,0,0,,,,,,,,,,,,,,,,,
1031,27/10/2009,martes,27,2266.60,0,0,0,,,,,,,,,,,,,,,,,
1032,28/10/2009,miércoles,28,2464.46,0,0,0,,,,,,,,,,,,,,,,,
1033,29/10/2009,jueves,29,2445.51,0,0,0,,,,,,,,,,,,,,,,,
1034,30/10/2009,viernes,30,2434.68,0,0,0,,,,,,,,,,,,,,,,,
1035,31/10/2009,sábado,31,2373.69,1,0,0,,,,,,,,,,,,,,,,,
1036,1/11/2009,domingo,1,2176.41,1,0,0,,,,,,,,,,,,,,,,,
1037,2/11/2009,lunes,2,2180.47,0,1,0,,,,,,,,,,,,,,,,,
1038,3/11/2009,martes,3,2233.84,0,1,0,,,,,,,,,,,,,,,,,
1039,4/11/2009,miércoles,4,2307.92,0,0,0,,,,,,,,,,,,,,,,,
1040,5/11/2009,jueves,5,2449.91,0,0,0,,,,,,,,,,,,,,,,,
1041,6/11/2009,viernes,6,2191.13,0,0,0,,,,,,,,,,,,,,,,,
1042,7/11/2009,sábado,7,2466.24,1,0,0,,,,,,,,,,,,,,,,,
1043,8/11/2009,domingo,8,2480.21,1,0,0,,,,,,,,,,,,,,,,,
1044,9/11/2009,lunes,9,2209.94,0,0,0,,,,,,,,,,,,,,,,,
1045,10/11/2009,martes,10,2293.48,0,0,0,,,,,,,,,,,,,,,,,
1046,11/11/2009,miércoles,11,2240.92,0,0,0,,,,,,,,,,,,,,,,,
1047,12/11/2009,jueves,12,2331.27,0,0,0,,,,,,,,,,,,,,,,,
1048,13/11/2009,viernes,13,2193.46,0,0,0,,,,,,,,,,,,,,,,,
1049,14/11/2009,sábado,14,2435.64,1,0,0,,,,,,,,,,,,,,,,,
1050,15/11/2009,domingo,15,2484.43,1,0,0,,,,,,,,,,,,,,,,,
1051,16/11/2009,lunes,16,2311.31,0,0,0,,,,,,,,,,,,,,,,,
1052,17/11/2009,martes,17,2411.74,0,0,0,,,,,,,,,,,,,,,,,
1053,18/11/2009,miércoles,18,2317.38,0,0,0,,,,,,,,,,,,,,,,,
1054,19/11/2009,jueves,19,2096.98,0,0,0,,,,,,,,,,,,,,,,,
1055,20/11/2009,viernes,20,2065.20,0,0,0,,,,,,,,,,,,,,,,,
1056,21/11/2009,sábado,21,2141.68,1,0,0,,,,,,,,,,,,,,,,,
1057,22/11/2009,domingo,22,2540.83,1,0,0,,,,,,,,,,,,,,,,,
1058,23/11/2009,lunes,23,2300.32,0,0,0,,,,,,,,,,,,,,,,,
1059,24/11/2009,martes,24,2407.31,0,0,0,,,,,,,,,,,,,,,,,
1060,25/11/2009,miércoles,25,2230.80,0,0,0,,,,,,,,,,,,,,,,,
1061,26/11/2009,jueves,26,2530.88,0,0,0,,,,,,,,,,,,,,,,,
1062,27/11/2009,viernes,27,2362.27,0,0,0,,,,,,,,,,,,,,,,,
1063,28/11/2009,sábado,28,2587.83,1,0,0,,,,,,,,,,,,,,,,,
1064,29/11/2009,domingo,29,2470.27,1,0,0,,,,,,,,,,,,,,,,,
1065,30/11/2009,lunes,30,2311.67,0,0,0,,,,,,,,,,,,,,,,,
1066,1/12/2009,martes,1,2212.32,0,0,0,,,,,,,,,,,,,,,,,
1067,2/12/2009,miércoles,2,2391.66,0,0,0,,,,,,,,,,,,,,,,,
1068,3/12/2009,jueves,3,2406.99,0,0,0,,,,,,,,,,,,,,,,,
1069,4/12/2009,viernes,4,2335.04,0,0,0,,,,,,,,,,,,,,,,,
1070,5/12/2009,sábado,5,2413.40,1,0,0,,,,,,,,,,,,,,,,,
1071,6/12/2009,domingo,6,2381.46,1,1,0,,,,,,,,,,,,,,,,,
1072,7/12/2009,lunes,7,2317.46,0,0,0,,,,,,,,,,,,,,,,,
1073,8/12/2009,martes,8,2361.02,0,0,0,,,,,,,,,,,,,,,,,
1074,9/12/2009,miércoles,9,2203.46,0,0,0,,,,,,,,,,,,,,,,,
1075,10/12/2009,jueves,10,2282.75,0,0,0,,,,,,,,,,,,,,,,,
1076,11/12/2009,viernes,11,2392.60,0,0,0,,,,,,,,,,,,,,,,,
1077,12/12/2009,sábado,12,2420.50,1,0,0,,,,,,,,,,,,,,,,,
1078,13/12/2009,domingo,13,2478.17,1,0,0,,,,,,,,,,,,,,,,,
1079,14/12/2009,lunes,14,2290.70,0,0,0,,,,,,,,,,,,,,,,,
1080,15/12/2009,martes,15,2417.07,0,0,0,,,,,,,,,,,,,,,,,
1081,16/12/2009,miércoles,16,2438.24,0,0,0,,,,,,,,,,,,,,,,,
1082,17/12/2009,jueves,17,2416.14,0,0,0,,,,,,,,,,,,,,,,,
1083,18/12/2009,viernes,18,2422.94,0,0,0,,,,,,,,,,,,,,,,,
1084,19/12/2009,sábado,19,2408.13,1,0,0,,,,,,,,,,,,,,,,,
1085,20/12/2009,domingo,20,2418.40,1,0,0,,,,,,,,,,,,,,,,,
1086,21/12/2009,lunes,21,2255.56,0,0,0,,,,,,,,,,,,,,,,,
1087,22/12/2009,martes,22,2300.77,0,0,0,,,,,,,,,,,,,,,,,
1088,23/12/2009,miércoles,23,2335.22,0,0,0,,,,,,,,,,,,,,,,,
1089,24/12/2009,jueves,24,2285.35,0,0,0,,,,,,,,,,,,,,,,,
1090,25/12/2009,viernes,25,2143.18,0,1,0,,,,,,,,,,,,,,,,,
1091,26/12/2009,sábado,26,2054.88,1,0,0,,,,,,,,,,,,,,,,,
1092,27/12/2009,domingo,27,1990.49,1,0,0,,,,,,,,,,,,,,,,,
1093,28/12/2009,lunes,28,2051.22,0,0,0,,,,,,,,,,,,,,,,,
1094,29/12/2009,martes,29,2067.01,0,0,0,,,,,,,,,,,,,,,,,
1095,30/12/2009,miércoles,30,2279.89,0,0,0,,,,,,,,,,,,,,,,,
1096,31/12/2009,jueves,31,2269.05,0,0,0,,,,,,,,,,,,,,,,,
1097,1/1/2010,viernes,1,1934.33,0,1,0,,,,,,,,,,,,,,,,,
1098,2/1/2010,sábado,2,2000.34,1,0,0,,,,,,,,,,,,,,,,,
1099,3/1/2010,domingo,3,2142.23,1,0,0,,,,,,,,,,,,,,,,,
1100,4/1/2010,lunes,4,2140.73,0,0,0,,,,,,,,,,,,,,,,,
1101,5/1/2010,martes,5,2324.50,0,0,0,,,,,,,,,,,,,,,,,
1102,6/1/2010,miércoles,6,2268.73,0,0,0,,,,,,,,,,,,,,,,,
1103,7/1/2010,jueves,7,2415.76,0,0,0,,,,,,,,,,,,,,,,,
1104,8/1/2010,viernes,8,2132.68,0,0,0,,,,,,,,,,,,,,,,,
1105,9/1/2010,sábado,9,2264.00,1,0,0,,,,,,,,,,,,,,,,,
1106,10/1/2010,domingo,10,2471.07,1,0,0,,,,,,,,,,,,,,,,,
1107,11/1/2010,lunes,11,2099.51,0,0,0,,,,,,,,,,,,,,,,,
1108,12/1/2010,martes,12,2331.66,0,0,0,,,,,,,,,,,,,,,,,
1109,13/1/2010,miércoles,13,2396.67,0,0,0,,,,,,,,,,,,,,,,,
1110,14/1/2010,jueves,14,2576.89,0,0,0,,,,,,,,,,,,,,,,,
1111,15/1/2010,viernes,15,2618.12,0,0,0,,,,,,,,,,,,,,,,,
1112,16/1/2010,sábado,16,2437.10,1,0,0,,,,,,,,,,,,,,,,,
1113,17/1/2010,domingo,17,2427.26,1,0,0,,,,,,,,,,,,,,,,,
1114,18/1/2010,lunes,18,2457.27,0,0,0,,,,,,,,,,,,,,,,,
1115,19/1/2010,martes,19,2511.13,0,0,0,,,,,,,,,,,,,,,,,
1116,20/1/2010,miércoles,20,2511.78,0,0,0,,,,,,,,,,,,,,,,,
1117,21/1/2010,jueves,21,2497.10,0,0,0,,,,,,,,,,,,,,,,,
1118,22/1/2010,viernes,22,2581.94,0,0,0,,,,,,,,,,,,,,,,,
1119,23/1/2010,sábado,23,2627.78,1,0,0,,,,,,,,,,,,,,,,,
1120,24/1/2010,domingo,24,2495.62,1,0,0,,,,,,,,,,,,,,,,,
1121,25/1/2010,lunes,25,2417.43,0,0,0,,,,,,,,,,,,,,,,,
1122,26/1/2010,martes,26,2343.07,0,0,0,,,,,,,,,,,,,,,,,
1123,27/1/2010,miércoles,27,2415.70,0,0,0,,,,,,,,,,,,,,,,,
1124,28/1/2010,jueves,28,2384.85,0,0,0,,,,,,,,,,,,,,,,,
1125,29/1/2010,viernes,29,2337.58,0,0,0,,,,,,,,,,,,,,,,,
1126,30/1/2010,sábado,30,2407.35,1,0,0,,,,,,,,,,,,,,,,,
1127,31/1/2010,domingo,31,2485.27,1,0,0,,,,,,,,,,,,,,,,,
1128,1/2/2010,lunes,1,2398.92,0,0,0,,,,,,,,,,,,,,,,,
1129,2/2/2010,martes,2,2546.55,0,0,0,,,,,,,,,,,,,,,,,
1130,3/2/2010,miércoles,3,2550.95,0,0,0,,,,,,,,,,,,,,,,,
1131,4/2/2010,jueves,4,2279.56,0,0,0,,,,,,,,,,,,,,,,,
1132,5/2/2010,viernes,5,2249.52,0,0,0,,,,,,,,,,,,,,,,,
1133,6/2/2010,sábado,6,2330.78,1,0,0,,,,,,,,,,,,,,,,,
1134,7/2/2010,domingo,7,2338.92,1,0,0,,,,,,,,,,,,,,,,,
1135,8/2/2010,lunes,8,2483.57,0,0,0,,,,,,,,,,,,,,,,,
1136,9/2/2010,martes,9,2506.54,0,0,0,,,,,,,,,,,,,,,,,
1137,10/2/2010,miércoles,10,2371.36,0,0,0,,,,,,,,,,,,,,,,,
1138,11/2/2010,jueves,11,2204.35,0,0,0,,,,,,,,,,,,,,,,,
1139,12/2/2010,viernes,12,2157.13,0,0,0,,,,,,,,,,,,,,,,,
1140,13/2/2010,sábado,13,2098.81,1,0,0,,,,,,,,,,,,,,,,,
1141,14/2/2010,domingo,14,1860.46,1,0,0,,,,,,,,,,,,,,,,,
1142,15/2/2010,lunes,15,1930.80,0,1,0,,,,,,,,,,,,,,,,,
1143,16/2/2010,martes,16,2086.02,0,1,0,,,,,,,,,,,,,,,,,
1144,17/2/2010,miércoles,17,2376.18,0,0,0,,,,,,,,,,,,,,,,,
1145,18/2/2010,jueves,18,2366.14,0,0,0,,,,,,,,,,,,,,,,,
1146,19/2/2010,viernes,19,2638.98,0,0,0,,,,,,,,,,,,,,,,,
1147,20/2/2010,sábado,20,2458.43,1,0,0,,,,,,,,,,,,,,,,,
1148,21/2/2010,domingo,21,2358.31,1,0,0,,,,,,,,,,,,,,,,,
1149,22/2/2010,lunes,22,2497.69,0,0,0,,,,,,,,,,,,,,,,,
1150,23/2/2010,martes,23,2337.12,0,0,0,,,,,,,,,,,,,,,,,
1151,24/2/2010,miércoles,24,2480.29,0,0,0,,,,,,,,,,,,,,,,,
1152,25/2/2010,jueves,25,2491.89,0,0,0,,,,,,,,,,,,,,,,,
1153,26/2/2010,viernes,26,2289.79,0,0,0,,,,,,,,,,,,,,,,,
1154,27/2/2010,sábado,27,2468.26,1,0,0,,,,,,,,,,,,,,,,,
1155,28/2/2010,domingo,28,2300.47,1,0,0,,,,,,,,,,,,,,,,,
1156,1/3/2010,lunes,1,2532.90,0,0,0,,,,,,,,,,,,,,,,,
1157,2/3/2010,martes,2,2481.54,0,0,0,,,,,,,,,,,,,,,,,
1158,3/3/2010,miércoles,3,2537.74,0,0,0,,,,,,,,,,,,,,,,,
1159,4/3/2010,jueves,4,2571.64,0,0,0,,,,,,,,,,,,,,,,,
1160,5/3/2010,viernes,5,2507.35,0,0,0,,,,,,,,,,,,,,,,,
1161,6/3/2010,sábado,6,2520.60,1,0,0,,,,,,,,,,,,,,,,,
1162,7/3/2010,domingo,7,2512.47,1,0,0,,,,,,,,,,,,,,,,,
1163,8/3/2010,lunes,8,2664.56,0,0,0,,,,,,,,,,,,,,,,,
1164,9/3/2010,martes,9,2602.96,0,0,0,,,,,,,,,,,,,,,,,
1165,10/3/2010,miércoles,10,2491.36,0,0,0,,,,,,,,,,,,,,,,,
1166,11/3/2010,jueves,11,2262.77,0,0,0,,,,,,,,,,,,,,,,,
1167,12/3/2010,viernes,12,2300.31,0,0,0,,,,,,,,,,,,,,,,,
1168,13/3/2010,sábado,13,2550.02,1,0,0,,,,,,,,,,,,,,,,,
1169,14/3/2010,domingo,14,2467.33,1,0,0,,,,,,,,,,,,,,,,,
1170,15/3/2010,lunes,15,2463.75,0,0,0,,,,,,,,,,,,,,,,,
1171,16/3/2010,martes,16,2588.40,0,0,0,,,,,,,,,,,,,,,,,
1172,17/3/2010,miércoles,17,2531.01,0,0,0,,,,,,,,,,,,,,,,,
1173,18/3/2010,jueves,18,2429.33,0,0,0,,,,,,,,,,,,,,,,,
1174,19/3/2010,viernes,19,2412.78,0,0,0,,,,,,,,,,,,,,,,,
1175,20/3/2010,sábado,20,2208.40,1,0,0,,,,,,,,,,,,,,,,,
1176,21/3/2010,domingo,21,2161.46,1,0,0,,,,,,,,,,,,,,,,,
1177,22/3/2010,lunes,22,2234.30,0,0,0,,,,,,,,,,,,,,,,,
1178,23/3/2010,martes,23,2124.05,0,0,0,,,,,,,,,,,,,,,,,
1179,24/3/2010,miércoles,24,2174.61,0,0,0,,,,,,,,,,,,,,,,,
1180,25/3/2010,jueves,25,2162.48,0,0,0,,,,,,,,,,,,,,,,,
1181,26/3/2010,viernes,26,2145.36,0,0,0,,,,,,,,,,,,,,,,,
1182,27/3/2010,sábado,27,2211.18,1,0,0,,,,,,,,,,,,,,,,,
1183,28/3/2010,domingo,28,2077.23,1,0,0,,,,,,,,,,,,,,,,,
1184,29/3/2010,lunes,29,2203.68,0,0,0,,,,,,,,,,,,,,,,,
1185,30/3/2010,martes,30,2261.40,0,0,0,,,,,,,,,,,,,,,,,
1186,31/3/2010,miércoles,31,2128.18,0,0,0,,,,,,,,,,,,,,,,,
1187,1/4/2010,jueves,1,2169.77,0,0,0,,,,,,,,,,,,,,,,,
1188,2/4/2010,viernes,2,1941.27,0,1,0,,,,,,,,,,,,,,,,,
1189,3/4/2010,sábado,3,1902.12,1,0,0,,,,,,,,,,,,,,,,,
1190,4/4/2010,domingo,4,1915.01,1,0,0,,,,,,,,,,,,,,,,,
1191,5/4/2010,lunes,5,2122.60,0,0,0,,,,,,,,,,,,,,,,,
1192,6/4/2010,martes,6,2038.46,0,0,0,,,,,,,,,,,,,,,,,
1193,7/4/2010,miércoles,7,2040.73,0,0,0,,,,,,,,,,,,,,,,,
1194,8/4/2010,jueves,8,2093.25,0,0,0,,,,,,,,,,,,,,,,,
1195,9/4/2010,viernes,9,2079.40,0,0,0,,,,,,,,,,,,,,,,,
1196,10/4/2010,sábado,10,2045.44,1,0,0,,,,,,,,,,,,,,,,,
1197,11/4/2010,domingo,11,2015.72,1,0,0,,,,,,,,,,,,,,,,,
1198,12/4/2010,lunes,12,2069.69,0,0,0,,,,,,,,,,,,,,,,,
1199,13/4/2010,martes,13,2054.38,0,0,0,,,,,,,,,,,,,,,,,
1200,14/4/2010,miércoles,14,2113.11,0,0,0,,,,,,,,,,,,,,,,,
1201,15/4/2010,jueves,15,2010.53,0,0,0,,,,,,,,,,,,,,,,,
1202,16/4/2010,viernes,16,2041.48,0,0,0,,,,,,,,,,,,,,,,,
1203,17/4/2010,sábado,17,2139.32,1,0,0,,,,,,,,,,,,,,,,,
1204,18/4/2010,domingo,18,2067.58,1,0,0,,,,,,,,,,,,,,,,,
1205,19/4/2010,lunes,19,2084.55,0,0,0,,,,,,,,,,,,,,,,,
1206,20/4/2010,martes,20,2100.79,0,0,0,,,,,,,,,,,,,,,,,
1207,21/4/2010,miércoles,21,2174.71,0,0,0,,,,,,,,,,,,,,,,,
1208,22/4/2010,jueves,22,2106.10,0,0,0,,,,,,,,,,,,,,,,,
1209,23/4/2010,viernes,23,2020.72,0,0,0,,,,,,,,,,,,,,,,,
1210,24/4/2010,sábado,24,2028.96,1,0,0,,,,,,,,,,,,,,,,,
1211,25/4/2010,domingo,25,1999.44,1,0,0,,,,,,,,,,,,,,,,,
1212,26/4/2010,lunes,26,2092.28,0,0,0,,,,,,,,,,,,,,,,,
1213,27/4/2010,martes,27,2077.43,0,0,0,,,,,,,,,,,,,,,,,
1214,28/4/2010,miércoles,28,1992.52,0,0,0,,,,,,,,,,,,,,,,,
1215,29/4/2010,jueves,29,2001.50,0,0,0,,,,,,,,,,,,,,,,,
1216,30/4/2010,viernes,30,2023.69,0,0,0,,,,,,,,,,,,,,,,,
1217,1/5/2010,sábado,1,1842.57,1,1,0,,,,,,,,,,,,,,,,,
1218,2/5/2010,domingo,2,1776.92,1,0,0,,,,,,,,,,,,,,,,,
1219,3/5/2010,lunes,3,1917.74,0,0,0,,,,,,,,,,,,,,,,,
1220,4/5/2010,martes,4,2130.54,0,0,0,,,,,,,,,,,,,,,,,
1221,5/5/2010,miércoles,5,2071.42,0,0,0,,,,,,,,,,,,,,,,,
1222,6/5/2010,jueves,6,2079.72,0,0,0,,,,,,,,,,,,,,,,,
1223,7/5/2010,viernes,7,2079.31,0,0,0,,,,,,,,,,,,,,,,,
1224,8/5/2010,sábado,8,2071.56,1,0,0,,,,,,,,,,,,,,,,,
1225,9/5/2010,domingo,9,1996.58,1,0,0,,,,,,,,,,,,,,,,,
1226,10/5/2010,lunes,10,1961.96,0,0,0,,,,,,,,,,,,,,,,,
1227,11/5/2010,martes,11,2130.44,0,0,0,,,,,,,,,,,,,,,,,
1228,12/5/2010,miércoles,12,2104.43,0,0,0,,,,,,,,,,,,,,,,,
1229,13/5/2010,jueves,13,2146.02,0,0,0,,,,,,,,,,,,,,,,,
1230,14/5/2010,viernes,14,2149.25,0,0,0,,,,,,,,,,,,,,,,,
1231,15/5/2010,sábado,15,2157.39,1,0,0,,,,,,,,,,,,,,,,,
1232,16/5/2010,domingo,16,2086.88,1,0,0,,,,,,,,,,,,,,,,,
1233,17/5/2010,lunes,17,2263.42,0,0,0,,,,,,,,,,,,,,,,,
1234,18/5/2010,martes,18,2468.71,0,0,0,,,,,,,,,,,,,,,,,
1235,19/5/2010,miércoles,19,2497.06,0,0,0,,,,,,,,,,,,,,,,,
1236,20/5/2010,jueves,20,2366.66,0,0,0,,,,,,,,,,,,,,,,,
1237,21/5/2010,viernes,21,2264.71,0,0,0,,,,,,,,,,,,,,,,,
1238,22/5/2010,sábado,22,2255.39,1,0,0,,,,,,,,,,,,,,,,,
1239,23/5/2010,domingo,23,2175.43,1,0,0,,,,,,,,,,,,,,,,,
1240,24/5/2010,lunes,24,2323.88,0,1,0,,,,,,,,,,,,,,,,,
1241,25/5/2010,martes,25,2375.47,0,0,0,,,,,,,,,,,,,,,,,
1242,26/5/2010,miércoles,26,2359.23,0,0,0,,,,,,,,,,,,,,,,,
1243,27/5/2010,jueves,27,2396.86,0,0,0,,,,,,,,,,,,,,,,,
1244,28/5/2010,viernes,28,2311.37,0,0,0,,,,,,,,,,,,,,,,,
1245,29/5/2010,sábado,29,2359.22,1,0,0,,,,,,,,,,,,,,,,,
1246,30/5/2010,domingo,30,2285.90,1,0,0,,,,,,,,,,,,,,,,,
1247,31/5/2010,lunes,31,2363.05,0,0,0,,,,,,,,,,,,,,,,,
1248,1/6/2010,martes,1,2355.45,0,0,1,,,,,,,,,,,,,,,,,
1249,2/6/2010,miércoles,2,2194.62,0,0,1,,,,,,,,,,,,,,,,,
1250,3/6/2010,jueves,3,2350.75,0,0,1,,,,,,,,,,,,,,,,,
1251,4/6/2010,viernes,4,2399.58,0,0,1,,,,,,,,,,,,,,,,,
1252,5/6/2010,sábado,5,2291.54,1,0,1,,,,,,,,,,,,,,,,,
1253,6/6/2010,domingo,6,2220.96,1,0,1,,,,,,,,,,,,,,,,,
1254,7/6/2010,lunes,7,2302.62,0,0,1,,,,,,,,,,,,,,,,,
1255,8/6/2010,martes,8,2271.46,0,0,1,,,,,,,,,,,,,,,,,
1256,9/6/2010,miércoles,9,2346.18,0,0,1,,,,,,,,,,,,,,,,,
1257,10/6/2010,jueves,10,2374.14,0,0,1,,,,,,,,,,,,,,,,,
1258,11/6/2010,viernes,11,2350.12,0,0,1,,,,,,,,,,,,,,,,,
1259,12/6/2010,sábado,12,2333.86,1,0,1,,,,,,,,,,,,,,,,,
1260,13/6/2010,domingo,13,2214.06,1,0,1,,,,,,,,,,,,,,,,,
1261,14/6/2010,lunes,14,2258.14,0,0,1,,,,,,,,,,,,,,,,,
1262,15/6/2010,martes,15,2239.11,0,0,1,,,,,,,,,,,,,,,,,
1263,16/6/2010,miércoles,16,2240.13,0,0,1,,,,,,,,,,,,,,,,,
1264,17/6/2010,jueves,17,2251.14,0,0,1,,,,,,,,,,,,,,,,,
1265,18/6/2010,viernes,18,2336.28,0,0,1,,,,,,,,,,,,,,,,,
1266,19/6/2010,sábado,19,2110.07,1,0,1,,,,,,,,,,,,,,,,,
1267,20/6/2010,domingo,20,2095.38,1,0,1,,,,,,,,,,,,,,,,,
1268,21/6/2010,lunes,21,2291.95,0,0,1,,,,,,,,,,,,,,,,,
1269,22/6/2010,martes,22,2298.13,0,0,1,,,,,,,,,,,,,,,,,
1270,23/6/2010,miércoles,23,2280.76,0,0,1,,,,,,,,,,,,,,,,,
1271,24/6/2010,jueves,24,2298.50,0,0,1,,,,,,,,,,,,,,,,,
1272,25/6/2010,viernes,25,2339.35,0,0,1,,,,,,,,,,,,,,,,,
1273,26/6/2010,sábado,26,2269.50,1,0,1,,,,,,,,,,,,,,,,,
1274,27/6/2010,domingo,27,2254.44,1,0,1,,,,,,,,,,,,,,,,,
1275,28/6/2010,lunes,28,2333.13,0,0,1,,,,,,,,,,,,,,,,,
1276,29/6/2010,martes,29,2310.81,0,0,1,,,,,,,,,,,,,,,,,
1277,30/6/2010,miércoles,30,2292.62,0,0,1,,,,,,,,,,,,,,,,,
1278,1/7/2010,jueves,1,2274.08,0,0,1,,,,,,,,,,,,,,,,,
1279,2/7/2010,viernes,2,2298.61,0,0,1,,,,,,,,,,,,,,,,,
1280,3/7/2010,sábado,3,2233.77,1,0,1,,,,,,,,,,,,,,,,,
1281,4/7/2010,domingo,4,2148.26,1,0,1,,,,,,,,,,,,,,,,,
1282,5/7/2010,lunes,5,2240.03,0,0,1,,,,,,,,,,,,,,,,,
1283,6/7/2010,martes,6,2226.49,0,0,1,,,,,,,,,,,,,,,,,
1284,7/7/2010,miércoles,7,2240.06,0,0,1,,,,,,,,,,,,,,,,,
1285,8/7/2010,jueves,8,2248.49,0,0,1,,,,,,,,,,,,,,,,,
1286,9/7/2010,viernes,9,2205.55,0,0,1,,,,,,,,,,,,,,,,,
1287,10/7/2010,sábado,10,2184.51,1,0,1,,,,,,,,,,,,,,,,,
1288,11/7/2010,domingo,11,2079.34,1,0,1,,,,,,,,,,,,,,,,,
1289,12/7/2010,lunes,12,2208.94,0,0,1,,,,,,,,,,,,,,,,,
1290,13/7/2010,martes,13,2212.00,0,0,1,,,,,,,,,,,,,,,,,
1291,14/7/2010,miércoles,14,2147.30,0,0,1,,,,,,,,,,,,,,,,,
1292,15/7/2010,jueves,15,2152.92,0,0,1,,,,,,,,,,,,,,,,,
1293,16/7/2010,viernes,16,2218.69,0,0,1,,,,,,,,,,,,,,,,,
1294,17/7/2010,sábado,17,2157.99,1,0,1,,,,,,,,,,,,,,,,,
1295,18/7/2010,domingo,18,2088.72,1,0,1,,,,,,,,,,,,,,,,,
1296,19/7/2010,lunes,19,2249.38,0,0,1,,,,,,,,,,,,,,,,,
1297,20/7/2010,martes,20,2213.92,0,0,1,,,,,,,,,,,,,,,,,
1298,21/7/2010,miércoles,21,2316.38,0,0,1,,,,,,,,,,,,,,,,,
1299,22/7/2010,jueves,22,2333.25,0,0,1,,,,,,,,,,,,,,,,,
1300,23/7/2010,viernes,23,2272.10,0,0,1,,,,,,,,,,,,,,,,,
1301,24/7/2010,sábado,24,2250.07,1,0,1,,,,,,,,,,,,,,,,,
1302,25/7/2010,domingo,25,2110.61,1,0,1,,,,,,,,,,,,,,,,,
1303,26/7/2010,lunes,26,2295.69,0,0,1,,,,,,,,,,,,,,,,,
1304,27/7/2010,martes,27,2288.54,0,0,1,,,,,,,,,,,,,,,,,
1305,28/7/2010,miércoles,28,2214.20,0,0,1,,,,,,,,,,,,,,,,,
1306,29/7/2010,jueves,29,2241.68,0,0,1,,,,,,,,,,,,,,,,,
1307,30/7/2010,viernes,30,2231.27,0,0,1,,,,,,,,,,,,,,,,,
1308,31/7/2010,sábado,31,2193.26,1,0,1,,,,,,,,,,,,,,,,,
1309,1/8/2010,domingo,1,2144.94,1,0,1,,,,,,,,,,,,,,,,,
1310,2/8/2010,lunes,2,2135.66,0,0,1,,,,,,,,,,,,,,,,,
1311,3/8/2010,martes,3,2199.75,0,0,1,,,,,,,,,,,,,,,,,
1312,4/8/2010,miércoles,4,2163.17,0,0,1,,,,,,,,,,,,,,,,,
1313,5/8/2010,jueves,5,2276.92,0,0,1,,,,,,,,,,,,,,,,,
1314,6/8/2010,viernes,6,2306.26,0,0,1,,,,,,,,,,,,,,,,,
1315,7/8/2010,sábado,7,2211.75,1,0,1,,,,,,,,,,,,,,,,,
1316,8/8/2010,domingo,8,2105.49,1,0,1,,,,,,,,,,,,,,,,,
1317,9/8/2010,lunes,9,2229.89,0,0,1,,,,,,,,,,,,,,,,,
1318,10/8/2010,martes,10,2266.66,0,1,1,,,,,,,,,,,,,,,,,
1319,11/8/2010,miércoles,11,2308.87,0,0,1,,,,,,,,,,,,,,,,,
1320,12/8/2010,jueves,12,2370.56,0,0,1,,,,,,,,,,,,,,,,,
1321,13/8/2010,viernes,13,2221.13,0,0,1,,,,,,,,,,,,,,,,,
1322,14/8/2010,sábado,14,2164.38,1,0,1,,,,,,,,,,,,,,,,,
1323,15/8/2010,domingo,15,2126.43,1,0,1,,,,,,,,,,,,,,,,,
1324,16/8/2010,lunes,16,2250.03,0,0,1,,,,,,,,,,,,,,,,,
1325,17/8/2010,martes,17,2303.96,0,0,1,,,,,,,,,,,,,,,,,
1326,18/8/2010,miércoles,18,2308.03,0,0,1,,,,,,,,,,,,,,,,,
1327,19/8/2010,jueves,19,2304.25,0,0,1,,,,,,,,,,,,,,,,,
1328,20/8/2010,viernes,20,2367.95,0,0,1,,,,,,,,,,,,,,,,,
1329,21/8/2010,sábado,21,2346.01,1,0,1,,,,,,,,,,,,,,,,,
1330,22/8/2010,domingo,22,2276.05,1,0,1,,,,,,,,,,,,,,,,,
1331,23/8/2010,lunes,23,2340.21,0,0,1,,,,,,,,,,,,,,,,,
1332,24/8/2010,martes,24,2424.81,0,0,1,,,,,,,,,,,,,,,,,
1333,25/8/2010,miércoles,25,2423.95,0,0,1,,,,,,,,,,,,,,,,,
1334,26/8/2010,jueves,26,2387.15,0,0,1,,,,,,,,,,,,,,,,,
1335,27/8/2010,viernes,27,2398.84,0,0,1,,,,,,,,,,,,,,,,,
1336,28/8/2010,sábado,28,2378.05,1,0,1,,,,,,,,,,,,,,,,,
1337,29/8/2010,domingo,29,2513.45,1,0,1,,,,,,,,,,,,,,,,,
1338,30/8/2010,lunes,30,2398.62,0,0,1,,,,,,,,,,,,,,,,,
1339,31/8/2010,martes,31,2482.81,0,0,1,,,,,,,,,,,,,,,,,
1340,1/9/2010,miércoles,1,2192.23,0,0,1,,,,,,,,,,,,,,,,,
1341,2/9/2010,jueves,2,2212.31,0,0,1,,,,,,,,,,,,,,,,,
1342,3/9/2010,viernes,3,2146.99,0,0,1,,,,,,,,,,,,,,,,,
1343,4/9/2010,sábado,4,2237.11,1,0,1,,,,,,,,,,,,,,,,,
1344,5/9/2010,domingo,5,2052.91,1,0,1,,,,,,,,,,,,,,,,,
1345,6/9/2010,lunes,6,2168.50,0,0,1,,,,,,,,,,,,,,,,,
1346,7/9/2010,martes,7,2290.45,0,0,1,,,,,,,,,,,,,,,,,
1347,8/9/2010,miércoles,8,2220.34,0,0,1,,,,,,,,,,,,,,,,,
1348,9/9/2010,jueves,9,2270.36,0,0,1,,,,,,,,,,,,,,,,,
1349,10/9/2010,viernes,10,2283.25,0,0,1,,,,,,,,,,,,,,,,,
1350,11/9/2010,sábado,11,2222.44,1,0,1,,,,,,,,,,,,,,,,,
1351,12/9/2010,domingo,12,2385.23,1,0,1,,,,,,,,,,,,,,,,,
1352,13/9/2010,lunes,13,2325.14,0,0,1,,,,,,,,,,,,,,,,,
1353,14/9/2010,martes,14,2201.92,0,0,1,,,,,,,,,,,,,,,,,
1354,15/9/2010,miércoles,15,2362.89,0,0,1,,,,,,,,,,,,,,,,,
1355,16/9/2010,jueves,16,2294.85,0,0,1,,,,,,,,,,,,,,,,,
1356,17/9/2010,viernes,17,2183.53,0,0,1,,,,,,,,,,,,,,,,,
1357,18/9/2010,sábado,18,2290.44,1,0,1,,,,,,,,,,,,,,,,,
1358,19/9/2010,domingo,19,2096.43,1,0,1,,,,,,,,,,,,,,,,,
1359,20/9/2010,lunes,20,2136.93,0,0,1,,,,,,,,,,,,,,,,,
1360,21/9/2010,martes,21,2256.85,0,0,1,,,,,,,,,,,,,,,,,
1361,22/9/2010,miércoles,22,2209.43,0,0,1,,,,,,,,,,,,,,,,,
1362,23/9/2010,jueves,23,2107.40,0,0,1,,,,,,,,,,,,,,,,,
1363,24/9/2010,viernes,24,2269.83,0,0,1,,,,,,,,,,,,,,,,,
1364,25/9/2010,sábado,25,2264.98,1,0,1,,,,,,,,,,,,,,,,,
1365,26/9/2010,domingo,26,2136.02,1,0,1,,,,,,,,,,,,,,,,,
1366,27/9/2010,lunes,27,2242.18,0,0,1,,,,,,,,,,,,,,,,,
1367,28/9/2010,martes,28,2180.44,0,0,1,,,,,,,,,,,,,,,,,
1368,29/9/2010,miércoles,29,2238.03,0,0,1,,,,,,,,,,,,,,,,,
1369,30/9/2010,jueves,30,2216.70,0,0,1,,,,,,,,,,,,,,,,,
1370,1/10/2010,viernes,1,2307.64,0,0,0,,,,,,,,,,,,,,,,,
1371,2/10/2010,sábado,2,2434.41,1,0,0,,,,,,,,,,,,,,,,,
1372,3/10/2010,domingo,3,2248.14,1,0,0,,,,,,,,,,,,,,,,,
1373,4/10/2010,lunes,4,2285.43,0,0,0,,,,,,,,,,,,,,,,,
1374,5/10/2010,martes,5,2333.94,0,0,0,,,,,,,,,,,,,,,,,
1375,6/10/2010,miércoles,6,2303.63,0,0,0,,,,,,,,,,,,,,,,,
1376,7/10/2010,jueves,7,2334.13,0,0,0,,,,,,,,,,,,,,,,,
1377,8/10/2010,viernes,8,2296.08,0,0,0,,,,,,,,,,,,,,,,,
1378,9/10/2010,sábado,9,2319.66,1,1,0,,,,,,,,,,,,,,,,,
1379,10/10/2010,domingo,10,2351.50,1,0,0,,,,,,,,,,,,,,,,,
1380,11/10/2010,lunes,11,2346.55,0,0,0,,,,,,,,,,,,,,,,,
1381,12/10/2010,martes,12,2433.57,0,0,0,,,,,,,,,,,,,,,,,
1382,13/10/2010,miércoles,13,2402.46,0,0,0,,,,,,,,,,,,,,,,,
1383,14/10/2010,jueves,14,2470.88,0,0,0,,,,,,,,,,,,,,,,,
1384,15/10/2010,viernes,15,2407.29,0,0,0,,,,,,,,,,,,,,,,,
1385,16/10/2010,sábado,16,2340.43,1,0,0,,,,,,,,,,,,,,,,,
1386,17/10/2010,domingo,17,2400.59,1,0,0,,,,,,,,,,,,,,,,,
1387,18/10/2010,lunes,18,2382.58,0,0,0,,,,,,,,,,,,,,,,,
1388,19/10/2010,martes,19,2296.54,0,0,0,,,,,,,,,,,,,,,,,
1389,20/10/2010,miércoles,20,2328.10,0,0,0,,,,,,,,,,,,,,,,,
1390,21/10/2010,jueves,21,2451.18,0,0,0,,,,,,,,,,,,,,,,,
1391,22/10/2010,viernes,22,2456.08,0,0,0,,,,,,,,,,,,,,,,,
1392,23/10/2010,sábado,23,2479.42,1,0,0,,,,,,,,,,,,,,,,,
1393,24/10/2010,domingo,24,2416.62,1,0,0,,,,,,,,,,,,,,,,,
1394,25/10/2010,lunes,25,2419.31,0,0,0,,,,,,,,,,,,,,,,,
1395,26/10/2010,martes,26,2468.43,0,0,0,,,,,,,,,,,,,,,,,
1396,27/10/2010,miércoles,27,2443.34,0,0,0,,,,,,,,,,,,,,,,,
1397,28/10/2010,jueves,28,2275.57,0,0,0,,,,,,,,,,,,,,,,,
1398,29/10/2010,viernes,29,2551.26,0,0,0,,,,,,,,,,,,,,,,,
1399,30/10/2010,sábado,30,2394.36,1,0,0,,,,,,,,,,,,,,,,,
1400,31/10/2010,domingo,31,2252.15,1,0,0,,,,,,,,,,,,,,,,,
1401,1/11/2010,lunes,1,2185.23,0,0,0,,,,,,,,,,,,,,,,,
1402,2/11/2010,martes,2,2201.72,0,1,0,,,,,,,,,,,,,,,,,
1403,3/11/2010,miércoles,3,2348.98,0,1,0,,,,,,,,,,,,,,,,,
1404,4/11/2010,jueves,4,2438.18,0,0,0,,,,,,,,,,,,,,,,,
1405,5/11/2010,viernes,5,2483.11,0,0,0,,,,,,,,,,,,,,,,,
1406,6/11/2010,sábado,6,2605.28,1,0,0,,,,,,,,,,,,,,,,,
1407,7/11/2010,domingo,7,2460.75,1,0,0,,,,,,,,,,,,,,,,,
1408,8/11/2010,lunes,8,2537.00,0,0,0,,,,,,,,,,,,,,,,,
1409,9/11/2010,martes,9,2518.94,0,0,0,,,,,,,,,,,,,,,,,
1410,10/11/2010,miércoles,10,2415.11,0,0,0,,,,,,,,,,,,,,,,,
1411,11/11/2010,jueves,11,2311.04,0,0,0,,,,,,,,,,,,,,,,,
1412,12/11/2010,viernes,12,2351.78,0,0,0,,,,,,,,,,,,,,,,,
1413,13/11/2010,sábado,13,2307.24,1,0,0,,,,,,,,,,,,,,,,,
1414,14/11/2010,domingo,14,2253.51,1,0,0,,,,,,,,,,,,,,,,,
1415,15/11/2010,lunes,15,2301.50,0,0,0,,,,,,,,,,,,,,,,,
1416,16/11/2010,martes,16,2314.44,0,0,0,,,,,,,,,,,,,,,,,
1417,17/11/2010,miércoles,17,2319.94,0,0,0,,,,,,,,,,,,,,,,,
1418,18/11/2010,jueves,18,2389.03,0,0,0,,,,,,,,,,,,,,,,,
1419,19/11/2010,viernes,19,2300.41,0,0,0,,,,,,,,,,,,,,,,,
1420,20/11/2010,sábado,20,2304.21,1,0,0,,,,,,,,,,,,,,,,,
1421,21/11/2010,domingo,21,2340.12,1,0,0,,,,,,,,,,,,,,,,,
1422,22/11/2010,lunes,22,2329.25,0,0,0,,,,,,,,,,,,,,,,,
1423,23/11/2010,martes,23,2364.20,0,0,0,,,,,,,,,,,,,,,,,
1424,24/11/2010,miércoles,24,2384.56,0,0,0,,,,,,,,,,,,,,,,,
1425,25/11/2010,jueves,25,2392.89,0,0,0,,,,,,,,,,,,,,,,,
1426,26/11/2010,viernes,26,2355.82,0,0,0,,,,,,,,,,,,,,,,,
1427,27/11/2010,sábado,27,2338.40,1,0,0,,,,,,,,,,,,,,,,,
1428,28/11/2010,domingo,28,2355.02,1,0,0,,,,,,,,,,,,,,,,,
1429,29/11/2010,lunes,29,2456.70,0,0,0,,,,,,,,,,,,,,,,,
1430,30/11/2010,martes,30,2325.80,0,0,0,,,,,,,,,,,,,,,,,
1431,1/12/2010,miércoles,1,2356.24,0,0,0,,,,,,,,,,,,,,,,,
1432,2/12/2010,jueves,2,2338.08,0,0,0,,,,,,,,,,,,,,,,,
1433,3/12/2010,viernes,3,2323.85,0,0,0,,,,,,,,,,,,,,,,,
1434,4/12/2010,sábado,4,2277.02,1,0,0,,,,,,,,,,,,,,,,,
1435,5/12/2010,domingo,5,2300.58,1,0,0,,,,,,,,,,,,,,,,,
1436,6/12/2010,lunes,6,2339.18,0,1,0,,,,,,,,,,,,,,,,,
1437,7/12/2010,martes,7,2504.45,0,0,0,,,,,,,,,,,,,,,,,
1438,8/12/2010,miércoles,8,2396.77,0,0,0,,,,,,,,,,,,,,,,,
1439,9/12/2010,jueves,9,2468.55,0,0,0,,,,,,,,,,,,,,,,,
1440,10/12/2010,viernes,10,2380.45,0,0,0,,,,,,,,,,,,,,,,,
1441,11/12/2010,sábado,11,2394.82,1,0,0,,,,,,,,,,,,,,,,,
1442,12/12/2010,domingo,12,2333.71,1,0,0,,,,,,,,,,,,,,,,,
1443,13/12/2010,lunes,13,2333.50,0,0,0,,,,,,,,,,,,,,,,,
1444,14/12/2010,martes,14,2470.71,0,0,0,,,,,,,,,,,,,,,,,
1445,15/12/2010,miércoles,15,2301.78,0,0,0,,,,,,,,,,,,,,,,,
1446,16/12/2010,jueves,16,2346.20,0,0,0,,,,,,,,,,,,,,,,,
1447,17/12/2010,viernes,17,2367.51,0,0,0,,,,,,,,,,,,,,,,,
1448,18/12/2010,sábado,18,2292.04,1,0,0,,,,,,,,,,,,,,,,,
1449,19/12/2010,domingo,19,2297.47,1,0,0,,,,,,,,,,,,,,,,,
1450,20/12/2010,lunes,20,2376.80,0,0,0,,,,,,,,,,,,,,,,,
1451,21/12/2010,martes,21,2349.55,0,0,0,,,,,,,,,,,,,,,,,
1452,22/12/2010,miércoles,22,2359.02,0,0,0,,,,,,,,,,,,,,,,,
1453,23/12/2010,jueves,23,2274.48,0,0,0,,,,,,,,,,,,,,,,,
1454,24/12/2010,viernes,24,2316.29,0,0,0,,,,,,,,,,,,,,,,,
1455,25/12/2010,sábado,25,2176.90,1,1,0,,,,,,,,,,,,,,,,,
1456,26/12/2010,domingo,26,2176.53,1,0,0,,,,,,,,,,,,,,,,,
1457,27/12/2010,lunes,27,2307.90,0,0,0,,,,,,,,,,,,,,,,,
1458,28/12/2010,martes,28,2358.30,0,0,0,,,,,,,,,,,,,,,,,
1459,29/12/2010,miércoles,29,2370.08,0,0,0,,,,,,,,,,,,,,,,,
1460,30/12/2010,jueves,30,2346.60,0,0,0,,,,,,,,,,,,,,,,,
1461,31/12/2010,viernes,31,2339.08,0,0,0,,,,,,,,,,,,,,,,,
1462,1/1/2011,sábado,1,2174.74,1,1,0,,,,,,,,,,,,,,,,,
1463,2/1/2011,domingo,2,2193.34,1,0,0,,,,,,,,,,,,,,,,,
1464,3/1/2011,lunes,3,2197.91,0,0,0,,,,,,,,,,,,,,,,,
1465,4/1/2011,martes,4,2258.25,0,0,0,,,,,,,,,,,,,,,,,
1466,5/1/2011,miércoles,5,2267.15,0,0,0,,,,,,,,,,,,,,,,,
1467,6/1/2011,jueves,6,2308.92,0,0,0,,,,,,,,,,,,,,,,,
1468,7/1/2011,viernes,7,2247.41,0,0,0,,,,,,,,,,,,,,,,,
1469,8/1/2011,sábado,8,2307.19,1,0,0,,,,,,,,,,,,,,,,,
1470,9/1/2011,domingo,9,2283.71,1,0,0,,,,,,,,,,,,,,,,,
1471,10/1/2011,lunes,10,2242.20,0,0,0,,,,,,,,,,,,,,,,,
1472,11/1/2011,martes,11,2320.76,0,0,0,,,,,,,,,,,,,,,,,
1473,12/1/2011,miércoles,12,2263.49,0,0,0,,,,,,,,,,,,,,,,,
1474,13/1/2011,jueves,13,2227.14,0,0,0,,,,,,,,,,,,,,,,,
1475,14/1/2011,viernes,14,2297.68,0,0,0,,,,,,,,,,,,,,,,,
1476,15/1/2011,sábado,15,2219.50,1,0,0,,,,,,,,,,,,,,,,,
1477,16/1/2011,domingo,16,2226.75,1,0,0,,,,,,,,,,,,,,,,,
1478,17/1/2011,lunes,17,2329.52,0,0,0,,,,,,,,,,,,,,,,,
1479,18/1/2011,martes,18,2287.84,0,0,0,,,,,,,,,,,,,,,,,
1480,19/1/2011,miércoles,19,2344.05,0,0,0,,,,,,,,,,,,,,,,,
1481,20/1/2011,jueves,20,2281.73,0,0,0,,,,,,,,,,,,,,,,,
1482,21/1/2011,viernes,21,2352.77,0,0,0,,,,,,,,,,,,,,,,,
1483,22/1/2011,sábado,22,2332.21,1,0,0,,,,,,,,,,,,,,,,,
1484,23/1/2011,domingo,23,2249.57,1,0,0,,,,,,,,,,,,,,,,,
1485,24/1/2011,lunes,24,2373.18,0,0,0,,,,,,,,,,,,,,,,,
1486,25/1/2011,martes,25,2371.45,0,0,0,,,,,,,,,,,,,,,,,
1487,26/1/2011,miércoles,26,2404.67,0,0,0,,,,,,,,,,,,,,,,,
1488,27/1/2011,jueves,27,2360.29,0,0,0,,,,,,,,,,,,,,,,,
1489,28/1/2011,viernes,28,2261.30,0,0,0,,,,,,,,,,,,,,,,,
1490,29/1/2011,sábado,29,2253.50,1,0,0,,,,,,,,,,,,,,,,,
1491,30/1/2011,domingo,30,2309.68,1,0,0,,,,,,,,,,,,,,,,,
1492,31/1/2011,lunes,31,2333.12,0,0,0,,,,,,,,,,,,,,,,,
1493,1/2/2011,martes,1,2328.53,0,0,0,,,,,,,,,,,,,,,,,
1494,2/2/2011,miércoles,2,2348.09,0,0,0,,,,,,,,,,,,,,,,,
1495,3/2/2011,jueves,3,2384.83,0,0,0,,,,,,,,,,,,,,,,,
1496,4/2/2011,viernes,4,2307.98,0,0,0,,,,,,,,,,,,,,,,,
1497,5/2/2011,sábado,5,2304.94,1,0,0,,,,,,,,,,,,,,,,,
1498,6/2/2011,domingo,6,2374.71,1,0,0,,,,,,,,,,,,,,,,,
1499,7/2/2011,lunes,7,2313.16,0,0,0,,,,,,,,,,,,,,,,,
1500,8/2/2011,martes,8,2332.41,0,0,0,,,,,,,,,,,,,,,,,
1501,9/2/2011,miércoles,9,2298.89,0,0,0,,,,,,,,,,,,,,,,,
1502,10/2/2011,jueves,10,2211.95,0,0,0,,,,,,,,,,,,,,,,,
1503,11/2/2011,viernes,11,2310.98,0,0,0,,,,,,,,,,,,,,,,,
1504,12/2/2011,sábado,12,2274.63,1,0,0,,,,,,,,,,,,,,,,,
1505,13/2/2011,domingo,13,2308.28,1,0,0,,,,,,,,,,,,,,,,,
1506,14/2/2011,lunes,14,2301.79,0,0,0,,,,,,,,,,,,,,,,,
1507,15/2/2011,martes,15,2336.81,0,0,0,,,,,,,,,,,,,,,,,
1508,16/2/2011,miércoles,16,2348.53,0,0,0,,,,,,,,,,,,,,,,,
1509,17/2/2011,jueves,17,2285.75,0,0,0,,,,,,,,,,,,,,,,,
1510,18/2/2011,viernes,18,2370.80,0,0,0,,,,,,,,,,,,,,,,,
1511,19/2/2011,sábado,19,2283.54,1,0,0,,,,,,,,,,,,,,,,,
1512,20/2/2011,domingo,20,2305.70,1,0,0,,,,,,,,,,,,,,,,,
1513,21/2/2011,lunes,21,2241.44,0,0,0,,,,,,,,,,,,,,,,,
1514,22/2/2011,martes,22,2299.94,0,0,0,,,,,,,,,,,,,,,,,
1515,23/2/2011,miércoles,23,2430.74,0,0,0,,,,,,,,,,,,,,,,,
1516,24/2/2011,jueves,24,2287.38,0,0,0,,,,,,,,,,,,,,,,,
1517,25/2/2011,viernes,25,2291.90,0,0,0,,,,,,,,,,,,,,,,,
1518,26/2/2011,sábado,26,2302.78,1,0,0,,,,,,,,,,,,,,,,,
1519,27/2/2011,domingo,27,2326.38,1,0,0,,,,,,,,,,,,,,,,,
1520,28/2/2011,lunes,28,2334.48,0,0,0,,,,,,,,,,,,,,,,,
1521,1/3/2011,martes,1,2126.03,0,0,0,,,,,,,,,,,,,,,,,
1522,2/3/2011,miércoles,2,2090.87,0,0,0,,,,,,,,,,,,,,,,,
1523,3/3/2011,jueves,3,2147.25,0,0,0,,,,,,,,,,,,,,,,,
1524,4/3/2011,viernes,4,2264.76,0,0,0,,,,,,,,,,,,,,,,,
1525,5/3/2011,sábado,5,2334.74,1,0,0,,,,,,,,,,,,,,,,,
1526,6/3/2011,domingo,6,2149.32,1,0,0,,,,,,,,,,,,,,,,,
1527,7/3/2011,lunes,7,2119.63,0,1,0,,,,,,,,,,,,,,,,,
1528,8/3/2011,martes,8,2270.25,0,1,0,,,,,,,,,,,,,,,,,
1529,9/3/2011,miércoles,9,2255.80,0,0,0,,,,,,,,,,,,,,,,,
1530,10/3/2011,jueves,10,2252.79,0,0,0,,,,,,,,,,,,,,,,,
1531,11/3/2011,viernes,11,2271.38,0,0,0,,,,,,,,,,,,,,,,,
1532,12/3/2011,sábado,12,2250.12,1,0,0,,,,,,,,,,,,,,,,,
1533,13/3/2011,domingo,13,2368.53,1,0,0,,,,,,,,,,,,,,,,,
1534,14/3/2011,lunes,14,2268.93,0,0,0,,,,,,,,,,,,,,,,,
1535,15/3/2011,martes,15,2223.22,0,0,0,,,,,,,,,,,,,,,,,
1536,16/3/2011,miércoles,16,2288.41,0,0,0,,,,,,,,,,,,,,,,,
1537,17/3/2011,jueves,17,2313.89,0,0,0,,,,,,,,,,,,,,,,,
1538,18/3/2011,viernes,18,2328.79,0,0,0,,,,,,,,,,,,,,,,,
1539,19/3/2011,sábado,19,2266.30,1,0,0,,,,,,,,,,,,,,,,,
1540,20/3/2011,domingo,20,2050.30,1,0,0,,,,,,,,,,,,,,,,,
1541,21/3/2011,lunes,21,1890.69,0,0,0,,,,,,,,,,,,,,,,,
1542,22/3/2011,martes,22,1902.03,0,0,0,,,,,,,,,,,,,,,,,
1543,23/3/2011,miércoles,23,1899.14,0,0,0,,,,,,,,,,,,,,,,,
1544,24/3/2011,jueves,24,1964.72,0,0,0,,,,,,,,,,,,,,,,,
1545,25/3/2011,viernes,25,1943.46,0,0,0,,,,,,,,,,,,,,,,,
1546,26/3/2011,sábado,26,1924.23,1,0,0,,,,,,,,,,,,,,,,,
1547,27/3/2011,domingo,27,2016.13,1,0,0,,,,,,,,,,,,,,,,,
1548,28/3/2011,lunes,28,2184.39,0,0,0,,,,,,,,,,,,,,,,,
1549,29/3/2011,martes,29,2231.80,0,0,0,,,,,,,,,,,,,,,,,
1550,30/3/2011,miércoles,30,2132.10,0,0,0,,,,,,,,,,,,,,,,,
1551,31/3/2011,jueves,31,2200.39,0,0,0,,,,,,,,,,,,,,,,,
1552,1/4/2011,viernes,1,2327.45,0,0,0,,,,,,,,,,,,,,,,,
1553,2/4/2011,sábado,2,2341.53,1,0,0,,,,,,,,,,,,,,,,,
1554,3/4/2011,domingo,3,2352.55,1,0,0,,,,,,,,,,,,,,,,,
1555,4/4/2011,lunes,4,2239.42,0,0,0,,,,,,,,,,,,,,,,,
1556,5/4/2011,martes,5,2389.88,0,0,0,,,,,,,,,,,,,,,,,
1557,6/4/2011,miércoles,6,2236.31,0,0,0,,,,,,,,,,,,,,,,,
1558,7/4/2011,jueves,7,2291.60,0,0,0,,,,,,,,,,,,,,,,,
1559,8/4/2011,viernes,8,2308.29,0,0,0,,,,,,,,,,,,,,,,,
1560,9/4/2011,sábado,9,2252.32,1,0,0,,,,,,,,,,,,,,,,,
1561,10/4/2011,domingo,10,2201.21,1,0,0,,,,,,,,,,,,,,,,,
1562,11/4/2011,lunes,11,2251.71,0,0,0,,,,,,,,,,,,,,,,,
1563,12/4/2011,martes,12,2298.98,0,0,0,,,,,,,,,,,,,,,,,
1564,13/4/2011,miércoles,13,2296.45,0,0,0,,,,,,,,,,,,,,,,,
1565,14/4/2011,jueves,14,2229.68,0,0,0,,,,,,,,,,,,,,,,,
1566,15/4/2011,viernes,15,2278.22,0,0,0,,,,,,,,,,,,,,,,,
1567,16/4/2011,sábado,16,2238.21,1,0,0,,,,,,,,,,,,,,,,,
1568,17/4/2011,domingo,17,2216.91,1,0,0,,,,,,,,,,,,,,,,,
1569,18/4/2011,lunes,18,2245.15,0,0,0,,,,,,,,,,,,,,,,,
1570,19/4/2011,martes,19,2309.06,0,0,0,,,,,,,,,,,,,,,,,
1571,20/4/2011,miércoles,20,2366.10,0,0,0,,,,,,,,,,,,,,,,,
1572,21/4/2011,jueves,21,2262.99,0,0,0,,,,,,,,,,,,,,,,,
1573,22/4/2011,viernes,22,2124.39,0,1,0,,,,,,,,,,,,,,,,,
1574,23/4/2011,sábado,23,2190.44,1,0,0,,,,,,,,,,,,,,,,,
1575,24/4/2011,domingo,24,2224.71,1,0,0,,,,,,,,,,,,,,,,,
1576,25/4/2011,lunes,25,2055.10,0,0,0,,,,,,,,,,,,,,,,,
1577,26/4/2011,martes,26,2256.41,0,0,0,,,,,,,,,,,,,,,,,
1578,27/4/2011,miércoles,27,2281.01,0,0,0,,,,,,,,,,,,,,,,,
1579,28/4/2011,jueves,28,2217.14,0,0,0,,,,,,,,,,,,,,,,,
1580,29/4/2011,viernes,29,2345.12,0,0,0,,,,,,,,,,,,,,,,,
1581,30/4/2011,sábado,30,2337.31,1,0,0,,,,,,,,,,,,,,,,,
1582,1/5/2011,domingo,1,2366.76,1,1,0,,,,,,,,,,,,,,,,,
1583,2/5/2011,lunes,2,2334.45,0,0,0,,,,,,,,,,,,,,,,,
1584,3/5/2011,martes,3,2335.90,0,0,0,,,,,,,,,,,,,,,,,
1585,4/5/2011,miércoles,4,2343.27,0,0,0,,,,,,,,,,,,,,,,,
1586,5/5/2011,jueves,5,2300.66,0,0,0,,,,,,,,,,,,,,,,,
1587,6/5/2011,viernes,6,2383.15,0,0,0,,,,,,,,,,,,,,,,,
1588,7/5/2011,sábado,7,2259.31,1,0,0,,,,,,,,,,,,,,,,,
1589,8/5/2011,domingo,8,2292.11,1,0,0,,,,,,,,,,,,,,,,,
1590,9/5/2011,lunes,9,2268.49,0,0,0,,,,,,,,,,,,,,,,,
1591,10/5/2011,martes,10,2349.64,0,0,0,,,,,,,,,,,,,,,,,
1592,11/5/2011,miércoles,11,2409.89,0,0,0,,,,,,,,,,,,,,,,,
1593,12/5/2011,jueves,12,2301.14,0,0,0,,,,,,,,,,,,,,,,,
1594,13/5/2011,viernes,13,2268.50,0,0,0,,,,,,,,,,,,,,,,,
1595,14/5/2011,sábado,14,2211.89,1,0,0,,,,,,,,,,,,,,,,,
1596,15/5/2011,domingo,15,2280.38,1,0,0,,,,,,,,,,,,,,,,,
1597,16/5/2011,lunes,16,2349.11,0,0,0,,,,,,,,,,,,,,,,,
1598,17/5/2011,martes,17,2331.85,0,0,0,,,,,,,,,,,,,,,,,
1599,18/5/2011,miércoles,18,2336.56,0,0,0,,,,,,,,,,,,,,,,,
1600,19/5/2011,jueves,19,2316.48,0,0,0,,,,,,,,,,,,,,,,,
1601,20/5/2011,viernes,20,2340.84,0,0,0,,,,,,,,,,,,,,,,,
1602,21/5/2011,sábado,21,2332.72,1,0,0,,,,,,,,,,,,,,,,,
1603,22/5/2011,domingo,22,1842.48,1,0,0,,,,,,,,,,,,,,,,,
1604,23/5/2011,lunes,23,2313.73,0,0,0,,,,,,,,,,,,,,,,,
1605,24/5/2011,martes,24,2293.86,0,1,0,,,,,,,,,,,,,,,,,
1606,25/5/2011,miércoles,25,2393.68,0,0,0,,,,,,,,,,,,,,,,,
1607,26/5/2011,jueves,26,2360.77,0,0,0,,,,,,,,,,,,,,,,,
1608,27/5/2011,viernes,27,2321.65,0,0,0,,,,,,,,,,,,,,,,,
1609,28/5/2011,sábado,28,2303.79,1,0,0,,,,,,,,,,,,,,,,,
1610,29/5/2011,domingo,29,2223.92,1,0,0,,,,,,,,,,,,,,,,,
1611,30/5/2011,lunes,30,2345.18,0,0,0,,,,,,,,,,,,,,,,,
1612,31/5/2011,martes,31,2450.04,0,0,0,,,,,,,,,,,,,,,,,
1613,1/6/2011,miércoles,1,2403.94,0,0,1,,,,,,,,,,,,,,,,,
1614,2/6/2011,jueves,2,2357.01,0,0,1,,,,,,,,,,,,,,,,,
1615,3/6/2011,viernes,3,2384.59,0,0,1,,,,,,,,,,,,,,,,,
1616,4/6/2011,sábado,4,2353.38,1,0,1,,,,,,,,,,,,,,,,,
1617,5/6/2011,domingo,5,2389.75,1,0,1,,,,,,,,,,,,,,,,,
1618,6/6/2011,lunes,6,2365.47,0,0,1,,,,,,,,,,,,,,,,,
1619,7/6/2011,martes,7,2439.18,0,0,1,,,,,,,,,,,,,,,,,
1620,8/6/2011,miércoles,8,2479.29,0,0,1,,,,,,,,,,,,,,,,,
1621,9/6/2011,jueves,9,2508.77,0,0,1,,,,,,,,,,,,,,,,,
1622,10/6/2011,viernes,10,2403.36,0,0,1,,,,,,,,,,,,,,,,,
1623,11/6/2011,sábado,11,2444.57,1,0,1,,,,,,,,,,,,,,,,,
1624,12/6/2011,domingo,12,2402.06,1,0,1,,,,,,,,,,,,,,,,,
1625,13/6/2011,lunes,13,2380.66,0,0,1,,,,,,,,,,,,,,,,,
1626,14/6/2011,martes,14,2415.24,0,0,1,,,,,,,,,,,,,,,,,
1627,15/6/2011,miércoles,15,2387.85,0,0,1,,,,,,,,,,,,,,,,,
1628,16/6/2011,jueves,16,2331.45,0,0,1,,,,,,,,,,,,,,,,,
1629,17/6/2011,viernes,17,2338.29,0,0,1,,,,,,,,,,,,,,,,,
1630,18/6/2011,sábado,18,2398.36,1,0,1,,,,,,,,,,,,,,,,,
1631,19/6/2011,domingo,19,2256.80,1,0,1,,,,,,,,,,,,,,,,,
1632,20/6/2011,lunes,20,2325.07,0,0,1,,,,,,,,,,,,,,,,,
1633,21/6/2011,martes,21,2370.96,0,0,1,,,,,,,,,,,,,,,,,
1634,22/6/2011,miércoles,22,2338.94,0,0,1,,,,,,,,,,,,,,,,,
1635,23/6/2011,jueves,23,2310.76,0,0,1,,,,,,,,,,,,,,,,,
1636,24/6/2011,viernes,24,2384.14,0,0,1,,,,,,,,,,,,,,,,,
1637,25/6/2011,sábado,25,2298.43,1,0,1,,,,,,,,,,,,,,,,,
1638,26/6/2011,domingo,26,2319.70,1,0,1,,,,,,,,,,,,,,,,,
1639,27/6/2011,lunes,27,2361.30,0,0,1,,,,,,,,,,,,,,,,,
1640,28/6/2011,martes,28,2406.15,0,0,1,,,,,,,,,,,,,,,,,
1641,29/6/2011,miércoles,29,2363.53,0,0,1,,,,,,,,,,,,,,,,,
1642,30/6/2011,jueves,30,2364.71,0,0,1,,,,,,,,,,,,,,,,,
1643,1/7/2011,viernes,1,2406.51,0,0,1,,,,,,,,,,,,,,,,,
1644,2/7/2011,sábado,2,2287.94,1,0,1,,,,,,,,,,,,,,,,,
1645,3/7/2011,domingo,3,2287.09,1,0,1,,,,,,,,,,,,,,,,,
1646,4/7/2011,lunes,4,2370.02,0,0,1,,,,,,,,,,,,,,,,,
1647,5/7/2011,martes,5,2467.61,0,0,1,,,,,,,,,,,,,,,,,
1648,6/7/2011,miércoles,6,2424.96,0,0,1,,,,,,,,,,,,,,,,,
1649,7/7/2011,jueves,7,2425.26,0,0,1,,,,,,,,,,,,,,,,,
1650,8/7/2011,viernes,8,2430.62,0,0,1,,,,,,,,,,,,,,,,,
1651,9/7/2011,sábado,9,2408.99,1,0,1,,,,,,,,,,,,,,,,,
1652,10/7/2011,domingo,10,2325.76,1,0,1,,,,,,,,,,,,,,,,,
1653,11/7/2011,lunes,11,2366.06,0,0,1,,,,,,,,,,,,,,,,,
1654,12/7/2011,martes,12,2393.23,0,0,1,,,,,,,,,,,,,,,,,
1655,13/7/2011,miércoles,13,2387.95,0,0,1,,,,,,,,,,,,,,,,,
1656,14/7/2011,jueves,14,2426.13,0,0,1,,,,,,,,,,,,,,,,,
1657,15/7/2011,viernes,15,2366.17,0,0,1,,,,,,,,,,,,,,,,,
1658,16/7/2011,sábado,16,2334.98,1,0,1,,,,,,,,,,,,,,,,,
1659,17/7/2011,domingo,17,2365.82,1,0,1,,,,,,,,,,,,,,,,,
1660,18/7/2011,lunes,18,2404.96,0,0,1,,,,,,,,,,,,,,,,,
1661,19/7/2011,martes,19,2373.00,0,0,1,,,,,,,,,,,,,,,,,
1662,20/7/2011,miércoles,20,2410.54,0,0,1,,,,,,,,,,,,,,,,,
1663,21/7/2011,jueves,21,2400.96,0,0,1,,,,,,,,,,,,,,,,,
1664,22/7/2011,viernes,22,2282.26,0,0,1,,,,,,,,,,,,,,,,,
1665,23/7/2011,sábado,23,2387.30,1,0,1,,,,,,,,,,,,,,,,,
1666,24/7/2011,domingo,24,2412.92,1,0,1,,,,,,,,,,,,,,,,,
1667,25/7/2011,lunes,25,2417.49,0,0,1,,,,,,,,,,,,,,,,,
1668,26/7/2011,martes,26,2485.33,0,0,1,,,,,,,,,,,,,,,,,
1669,27/7/2011,miércoles,27,2458.82,0,0,1,,,,,,,,,,,,,,,,,
1670,28/7/2011,jueves,28,2474.60,0,0,1,,,,,,,,,,,,,,,,,
1671,29/7/2011,viernes,29,2379.82,0,0,1,,,,,,,,,,,,,,,,,
1672,30/7/2011,sábado,30,2315.41,1,0,1,,,,,,,,,,,,,,,,,
1673,31/7/2011,domingo,31,2269.12,1,0,1,,,,,,,,,,,,,,,,,
1674,1/8/2011,lunes,1,2324.40,0,0,1,,,,,,,,,,,,,,,,,
1675,2/8/2011,martes,2,2317.52,0,0,1,,,,,,,,,,,,,,,,,
1676,3/8/2011,miércoles,3,2359.81,0,0,1,,,,,,,,,,,,,,,,,
1677,4/8/2011,jueves,4,2350.24,0,0,1,,,,,,,,,,,,,,,,,
1678,5/8/2011,viernes,5,2341.21,0,0,1,,,,,,,,,,,,,,,,,
1679,6/8/2011,sábado,6,2340.05,1,0,1,,,,,,,,,,,,,,,,,
1680,7/8/2011,domingo,7,2197.01,1,0,1,,,,,,,,,,,,,,,,,
1681,8/8/2011,lunes,8,2310.64,0,0,1,,,,,,,,,,,,,,,,,
1682,9/8/2011,martes,9,2332.79,0,0,1,,,,,,,,,,,,,,,,,
1683,10/8/2011,miércoles,10,2369.09,0,1,1,,,,,,,,,,,,,,,,,
1684,11/8/2011,jueves,11,2338.02,0,0,1,,,,,,,,,,,,,,,,,
1685,12/8/2011,viernes,12,2243.85,0,0,1,,,,,,,,,,,,,,,,,
1686,13/8/2011,sábado,13,2248.22,1,0,1,,,,,,,,,,,,,,,,,
1687,14/8/2011,domingo,14,2173.24,1,0,1,,,,,,,,,,,,,,,,,
1688,15/8/2011,lunes,15,2293.78,0,0,1,,,,,,,,,,,,,,,,,
1689,16/8/2011,martes,16,2364.81,0,0,1,,,,,,,,,,,,,,,,,
1690,17/8/2011,miércoles,17,2364.61,0,0,1,,,,,,,,,,,,,,,,,
1691,18/8/2011,jueves,18,2289.19,0,0,1,,,,,,,,,,,,,,,,,
1692,19/8/2011,viernes,19,2329.16,0,0,1,,,,,,,,,,,,,,,,,
1693,20/8/2011,sábado,20,2326.99,1,0,1,,,,,,,,,,,,,,,,,
1694,21/8/2011,domingo,21,2273.67,1,0,1,,,,,,,,,,,,,,,,,
1695,22/8/2011,lunes,22,2318.03,0,0,1,,,,,,,,,,,,,,,,,
1696,23/8/2011,martes,23,2248.38,0,0,1,,,,,,,,,,,,,,,,,
1697,24/8/2011,miércoles,24,2261.40,0,0,1,,,,,,,,,,,,,,,,,
1698,25/8/2011,jueves,25,2272.42,0,0,1,,,,,,,,,,,,,,,,,
1699,26/8/2011,viernes,26,2225.12,0,0,1,,,,,,,,,,,,,,,,,
1700,27/8/2011,sábado,27,2248.37,1,0,1,,,,,,,,,,,,,,,,,
1701,28/8/2011,domingo,28,2115.91,1,0,1,,,,,,,,,,,,,,,,,
1702,29/8/2011,lunes,29,2269.47,0,0,1,,,,,,,,,,,,,,,,,
1703,30/8/2011,martes,30,2248.35,0,0,1,,,,,,,,,,,,,,,,,
1704,31/8/2011,miércoles,31,2302.75,0,0,1,,,,,,,,,,,,,,,,,
1705,1/9/2011,jueves,1,2335.01,0,0,1,,,,,,,,,,,,,,,,,
1706,2/9/2011,viernes,2,2331.85,0,0,1,,,,,,,,,,,,,,,,,
1707,3/9/2011,sábado,3,2387.64,1,0,1,,,,,,,,,,,,,,,,,
1708,4/9/2011,domingo,4,2279.15,1,0,1,,,,,,,,,,,,,,,,,
1709,5/9/2011,lunes,5,2380.05,0,0,1,,,,,,,,,,,,,,,,,
1710,6/9/2011,martes,6,2355.79,0,0,1,,,,,,,,,,,,,,,,,
1711,7/9/2011,miércoles,7,2383.05,0,0,1,,,,,,,,,,,,,,,,,
1712,8/9/2011,jueves,8,2324.42,0,0,1,,,,,,,,,,,,,,,,,
1713,9/9/2011,viernes,9,2302.76,0,0,1,,,,,,,,,,,,,,,,,
1714,10/9/2011,sábado,10,2291.53,1,0,1,,,,,,,,,,,,,,,,,
1715,11/9/2011,domingo,11,2236.26,1,0,1,,,,,,,,,,,,,,,,,
1716,12/9/2011,lunes,12,2346.62,0,0,1,,,,,,,,,,,,,,,,,
1717,13/9/2011,martes,13,2386.04,0,0,1,,,,,,,,,,,,,,,,,
1718,14/9/2011,miércoles,14,2378.33,0,0,1,,,,,,,,,,,,,,,,,
1719,15/9/2011,jueves,15,2445.12,0,0,1,,,,,,,,,,,,,,,,,
1720,16/9/2011,viernes,16,2388.87,0,0,1,,,,,,,,,,,,,,,,,
1721,17/9/2011,sábado,17,2304.32,1,0,1,,,,,,,,,,,,,,,,,
1722,18/9/2011,domingo,18,2336.48,1,0,1,,,,,,,,,,,,,,,,,
1723,19/9/2011,lunes,19,2361.88,0,0,1,,,,,,,,,,,,,,,,,
1724,20/9/2011,martes,20,2391.00,0,0,1,,,,,,,,,,,,,,,,,
1725,21/9/2011,miércoles,21,2420.97,0,0,1,,,,,,,,,,,,,,,,,
1726,22/9/2011,jueves,22,2414.34,0,0,1,,,,,,,,,,,,,,,,,
1727,23/9/2011,viernes,23,2398.98,0,0,1,,,,,,,,,,,,,,,,,
1728,24/9/2011,sábado,24,2317.27,1,0,1,,,,,,,,,,,,,,,,,
1729,25/9/2011,domingo,25,2354.98,1,0,1,,,,,,,,,,,,,,,,,
1730,26/9/2011,lunes,26,2364.45,0,0,1,,,,,,,,,,,,,,,,,
1731,27/9/2011,martes,27,2358.70,0,0,1,,,,,,,,,,,,,,,,,
1732,28/9/2011,miércoles,28,2382.86,0,0,1,,,,,,,,,,,,,,,,,
1733,29/9/2011,jueves,29,2339.36,0,0,1,,,,,,,,,,,,,,,,,
1734,30/9/2011,viernes,30,2411.89,0,0,1,,,,,,,,,,,,,,,,,
1735,1/10/2011,sábado,1,2359.92,1,0,0,,,,,,,,,,,,,,,,,
1736,2/10/2011,domingo,2,2319.01,1,0,0,,,,,,,,,,,,,,,,,
1737,3/10/2011,lunes,3,2295.79,0,0,0,,,,,,,,,,,,,,,,,
1738,4/10/2011,martes,4,2253.79,0,0,0,,,,,,,,,,,,,,,,,
1739,5/10/2011,miércoles,5,2283.68,0,0,0,,,,,,,,,,,,,,,,,
1740,6/10/2011,jueves,6,2279.91,0,0,0,,,,,,,,,,,,,,,,,
1741,7/10/2011,viernes,7,2242.52,0,0,0,,,,,,,,,,,,,,,,,
1742,8/10/2011,sábado,8,2333.30,1,0,0,,,,,,,,,,,,,,,,,
1743,9/10/2011,domingo,9,2298.79,1,1,0,,,,,,,,,,,,,,,,,
1744,10/10/2011,lunes,10,2362.09,0,0,0,,,,,,,,,,,,,,,,,
1745,11/10/2011,martes,11,2284.06,0,0,0,,,,,,,,,,,,,,,,,
1746,12/10/2011,miércoles,12,2301.76,0,0,0,,,,,,,,,,,,,,,,,
1747,13/10/2011,jueves,13,2305.96,0,0,0,,,,,,,,,,,,,,,,,
1748,14/10/2011,viernes,14,2281.69,0,0,0,,,,,,,,,,,,,,,,,
1749,15/10/2011,sábado,15,2292.77,1,0,0,,,,,,,,,,,,,,,,,
1750,16/10/2011,domingo,16,2343.06,1,0,0,,,,,,,,,,,,,,,,,
1751,17/10/2011,lunes,17,2316.03,0,0,0,,,,,,,,,,,,,,,,,
1752,18/10/2011,martes,18,2339.66,0,0,0,,,,,,,,,,,,,,,,,
1753,19/10/2011,miércoles,19,2333.65,0,0,0,,,,,,,,,,,,,,,,,
1754,20/10/2011,jueves,20,2356.78,0,0,0,,,,,,,,,,,,,,,,,
1755,21/10/2011,viernes,21,2211.85,0,0,0,,,,,,,,,,,,,,,,,
1756,22/10/2011,sábado,22,2259.37,1,0,0,,,,,,,,,,,,,,,,,
1757,23/10/2011,domingo,23,2349.25,1,0,0,,,,,,,,,,,,,,,,,
1758,24/10/2011,lunes,24,2385.03,0,0,0,,,,,,,,,,,,,,,,,
1759,25/10/2011,martes,25,2443.67,0,0,0,,,,,,,,,,,,,,,,,
1760,26/10/2011,miércoles,26,2387.78,0,0,0,,,,,,,,,,,,,,,,,
1761,27/10/2011,jueves,27,2309.82,0,0,0,,,,,,,,,,,,,,,,,
1762,28/10/2011,viernes,28,2199.21,0,0,0,,,,,,,,,,,,,,,,,
1763,29/10/2011,sábado,29,2224.55,1,0,0,,,,,,,,,,,,,,,,,
1764,30/10/2011,domingo,30,2316.60,1,0,0,,,,,,,,,,,,,,,,,
1765,31/10/2011,lunes,31,2298.99,0,0,0,,,,,,,,,,,,,,,,,
1766,1/11/2011,martes,1,2306.19,0,0,0,,,,,,,,,,,,,,,,,
1767,2/11/2011,miércoles,2,2240.52,0,1,0,,,,,,,,,,,,,,,,,
1768,3/11/2011,jueves,3,2225.78,0,1,0,,,,,,,,,,,,,,,,,
1769,4/11/2011,viernes,4,2165.69,0,0,0,,,,,,,,,,,,,,,,,
1770,5/11/2011,sábado,5,2290.63,1,0,0,,,,,,,,,,,,,,,,,
1771,6/11/2011,domingo,6,2259.64,1,0,0,,,,,,,,,,,,,,,,,
1772,7/11/2011,lunes,7,2323.00,0,0,0,,,,,,,,,,,,,,,,,
1773,8/11/2011,martes,8,2206.43,0,0,0,,,,,,,,,,,,,,,,,
1774,9/11/2011,miércoles,9,2288.56,0,0,0,,,,,,,,,,,,,,,,,
1775,10/11/2011,jueves,10,2398.73,0,0,0,,,,,,,,,,,,,,,,,
1776,11/11/2011,viernes,11,2254.28,0,0,0,,,,,,,,,,,,,,,,,
1777,12/11/2011,sábado,12,2240.56,1,0,0,,,,,,,,,,,,,,,,,
1778,13/11/2011,domingo,13,2248.06,1,0,0,,,,,,,,,,,,,,,,,
1779,14/11/2011,lunes,14,2408.54,0,0,0,,,,,,,,,,,,,,,,,
1780,15/11/2011,martes,15,2301.10,0,0,0,,,,,,,,,,,,,,,,,
1781,16/11/2011,miércoles,16,2359.49,0,0,0,,,,,,,,,,,,,,,,,
1782,17/11/2011,jueves,17,2394.92,0,0,0,,,,,,,,,,,,,,,,,
1783,18/11/2011,viernes,18,2294.26,0,0,0,,,,,,,,,,,,,,,,,
1784,19/11/2011,sábado,19,2366.75,1,0,0,,,,,,,,,,,,,,,,,
1785,20/11/2011,domingo,20,2320.14,1,0,0,,,,,,,,,,,,,,,,,
1786,21/11/2011,lunes,21,2303.02,0,0,0,,,,,,,,,,,,,,,,,
1787,22/11/2011,martes,22,2388.06,0,0,0,,,,,,,,,,,,,,,,,
1788,23/11/2011,miércoles,23,2331.08,0,0,0,,,,,,,,,,,,,,,,,
1789,24/11/2011,jueves,24,2280.50,0,0,0,,,,,,,,,,,,,,,,,
1790,25/11/2011,viernes,25,2297.76,0,0,0,,,,,,,,,,,,,,,,,
1791,26/11/2011,sábado,26,2266.46,1,0,0,,,,,,,,,,,,,,,,,
1792,27/11/2011,domingo,27,2228.52,1,0,0,,,,,,,,,,,,,,,,,
1793,28/11/2011,lunes,28,2311.03,0,0,0,,,,,,,,,,,,,,,,,
1794,29/11/2011,martes,29,2298.45,0,0,0,,,,,,,,,,,,,,,,,
1795,30/11/2011,miércoles,30,2326.81,0,0,0,,,,,,,,,,,,,,,,,
1796,1/12/2011,jueves,1,2392.22,0,0,0,,,,,,,,,,,,,,,,,
1797,2/12/2011,viernes,2,2299.94,0,0,0,,,,,,,,,,,,,,,,,
1798,3/12/2011,sábado,3,2203.99,1,0,0,,,,,,,,,,,,,,,,,
1799,4/12/2011,domingo,4,2149.49,1,0,0,,,,,,,,,,,,,,,,,
1800,5/12/2011,lunes,5,2210.04,0,0,0,,,,,,,,,,,,,,,,,
1801,6/12/2011,martes,6,2268.43,0,1,0,,,,,,,,,,,,,,,,,
1802,7/12/2011,miércoles,7,2291.90,0,0,0,,,,,,,,,,,,,,,,,
1803,8/12/2011,jueves,8,2299.22,0,0,0,,,,,,,,,,,,,,,,,
1804,9/12/2011,viernes,9,1976.07,0,0,0,,,,,,,,,,,,,,,,,
1805,10/12/2011,sábado,10,2300.06,1,0,0,,,,,,,,,,,,,,,,,
1806,11/12/2011,domingo,11,2173.87,1,0,0,,,,,,,,,,,,,,,,,
1807,12/12/2011,lunes,12,1837.18,0,0,0,,,,,,,,,,,,,,,,,
1808,13/12/2011,martes,13,2361.66,0,0,0,,,,,,,,,,,,,,,,,
1809,14/12/2011,miércoles,14,2217.08,0,0,0,,,,,,,,,,,,,,,,,
1810,15/12/2011,jueves,15,2178.94,0,0,0,,,,,,,,,,,,,,,,,
1811,16/12/2011,viernes,16,2268.37,0,0,0,,,,,,,,,,,,,,,,,
1812,17/12/2011,sábado,17,2181.42,1,0,0,,,,,,,,,,,,,,,,,
1813,18/12/2011,domingo,18,2134.87,1,0,0,,,,,,,,,,,,,,,,,
1814,19/12/2011,lunes,19,2182.70,0,0,0,,,,,,,,,,,,,,,,,
1815,20/12/2011,martes,20,2233.67,0,0,0,,,,,,,,,,,,,,,,,
1816,21/12/2011,miércoles,21,2343.69,0,0,0,,,,,,,,,,,,,,,,,
1817,22/12/2011,jueves,22,2312.32,0,0,0,,,,,,,,,,,,,,,,,
1818,23/12/2011,viernes,23,2294.47,0,0,0,,,,,,,,,,,,,,,,,
1819,24/12/2011,sábado,24,2290.15,1,0,0,,,,,,,,,,,,,,,,,
1820,25/12/2011,domingo,25,2212.86,1,1,0,,,,,,,,,,,,,,,,,
1821,26/12/2011,lunes,26,2293.97,0,0,0,,,,,,,,,,,,,,,,,
1822,27/12/2011,martes,27,2245.74,0,0,0,,,,,,,,,,,,,,,,,
1823,28/12/2011,miércoles,28,2556.96,0,0,0,,,,,,,,,,,,,,,,,
1824,29/12/2011,jueves,29,2306.37,0,0,0,,,,,,,,,,,,,,,,,
1825,30/12/2011,viernes,30,2336.24,0,0,0,,,,,,,,,,,,,,,,,
1826,31/12/2011,sábado,31,2428.60,1,0,0,,,,,,,,,,,,,,,,,
1827,1/1/2012,domingo,1,2156.60,1,1,0,,,,,,,,,,,,,,,,,
1828,2/1/2012,lunes,2,2260.23,0,0,0,,,,,,,,,,,,,,,,,
1829,3/1/2012,martes,3,2274.51,0,0,0,,,,,,,,,,,,,,,,,
1830,4/1/2012,miércoles,4,2239.89,0,0,0,,,,,,,,,,,,,,,,,
1831,5/1/2012,jueves,5,2176.82,0,0,0,,,,,,,,,,,,,,,,,
1832,6/1/2012,viernes,6,2216.30,0,0,0,,,,,,,,,,,,,,,,,
1833,7/1/2012,sábado,7,2228.07,1,0,0,,,,,,,,,,,,,,,,,
1834,8/1/2012,domingo,8,2155.87,1,0,0,,,,,,,,,,,,,,,,,
1835,9/1/2012,lunes,9,2176.61,0,0,0,,,,,,,,,,,,,,,,,
1836,10/1/2012,martes,10,2252.80,0,0,0,,,,,,,,,,,,,,,,,
1837,11/1/2012,miércoles,11,2375.10,0,0,0,,,,,,,,,,,,,,,,,
1838,12/1/2012,jueves,12,2361.93,0,0,0,,,,,,,,,,,,,,,,,
1839,13/1/2012,viernes,13,2307.73,0,0,0,,,,,,,,,,,,,,,,,
1840,14/1/2012,sábado,14,2256.83,1,0,0,,,,,,,,,,,,,,,,,
1841,15/1/2012,domingo,15,2234.41,1,0,0,,,,,,,,,,,,,,,,,
1842,16/1/2012,lunes,16,2141.02,0,0,0,,,,,,,,,,,,,,,,,
1843,17/1/2012,martes,17,2002.08,0,0,0,,,,,,,,,,,,,,,,,
1844,18/1/2012,miércoles,18,2098.41,0,0,0,,,,,,,,,,,,,,,,,
1845,19/1/2012,jueves,19,2039.12,0,0,0,,,,,,,,,,,,,,,,,
1846,20/1/2012,viernes,20,1934.78,0,0,0,,,,,,,,,,,,,,,,,
1847,21/1/2012,sábado,21,2007.00,1,0,0,,,,,,,,,,,,,,,,,
1848,22/1/2012,domingo,22,1971.94,1,0,0,,,,,,,,,,,,,,,,,
1849,23/1/2012,lunes,23,1993.78,0,0,0,,,,,,,,,,,,,,,,,
1850,24/1/2012,martes,24,2095.52,0,0,0,,,,,,,,,,,,,,,,,
1851,25/1/2012,miércoles,25,2272.75,0,0,0,,,,,,,,,,,,,,,,,
1852,26/1/2012,jueves,26,2208.90,0,0,0,,,,,,,,,,,,,,,,,
1853,27/1/2012,viernes,27,2191.59,0,0,0,,,,,,,,,,,,,,,,,
1854,28/1/2012,sábado,28,2216.73,1,0,0,,,,,,,,,,,,,,,,,
1855,29/1/2012,domingo,29,2247.08,1,0,0,,,,,,,,,,,,,,,,,
1856,30/1/2012,lunes,30,2191.26,0,0,0,,,,,,,,,,,,,,,,,
1857,31/1/2012,martes,31,2252.81,0,0,0,,,,,,,,,,,,,,,,,
1858,1/2/2012,miércoles,1,2250.05,0,0,0,,,,,,,,,,,,,,,,,
1859,2/2/2012,jueves,2,2232.08,0,0,0,,,,,,,,,,,,,,,,,
1860,3/2/2012,viernes,3,2205.12,0,0,0,,,,,,,,,,,,,,,,,
1861,4/2/2012,sábado,4,2298.32,1,0,0,,,,,,,,,,,,,,,,,
1862,5/2/2012,domingo,5,2252.19,1,0,0,,,,,,,,,,,,,,,,,
1863,6/2/2012,lunes,6,2244.81,0,0,0,,,,,,,,,,,,,,,,,
1864,7/2/2012,martes,7,2345.13,0,0,0,,,,,,,,,,,,,,,,,
1865,8/2/2012,miércoles,8,2265.65,0,0,0,,,,,,,,,,,,,,,,,
1866,9/2/2012,jueves,9,2267.16,0,0,0,,,,,,,,,,,,,,,,,
1867,10/2/2012,viernes,10,2301.05,0,0,0,,,,,,,,,,,,,,,,,
1868,11/2/2012,sábado,11,2223.93,1,0,0,,,,,,,,,,,,,,,,,
1869,12/2/2012,domingo,12,2275.23,1,0,0,,,,,,,,,,,,,,,,,
1870,13/2/2012,lunes,13,2217.51,0,0,0,,,,,,,,,,,,,,,,,
1871,14/2/2012,martes,14,2217.52,0,0,0,,,,,,,,,,,,,,,,,
1872,15/2/2012,miércoles,15,2341.91,0,0,0,,,,,,,,,,,,,,,,,
1873,16/2/2012,jueves,16,2253.99,0,0,0,,,,,,,,,,,,,,,,,
1874,17/2/2012,viernes,17,2291.78,0,0,0,,,,,,,,,,,,,,,,,
1875,18/2/2012,sábado,18,2264.14,1,0,0,,,,,,,,,,,,,,,,,
1876,19/2/2012,domingo,19,2046.58,1,0,0,,,,,,,,,,,,,,,,,
1877,20/2/2012,lunes,20,2113.89,0,1,0,,,,,,,,,,,,,,,,,
1878,21/2/2012,martes,21,2182.06,0,1,0,,,,,,,,,,,,,,,,,
1879,22/2/2012,miércoles,22,2301.68,0,0,0,,,,,,,,,,,,,,,,,
1880,23/2/2012,jueves,23,2208.93,0,0,0,,,,,,,,,,,,,,,,,
1881,24/2/2012,viernes,24,2252.27,0,0,0,,,,,,,,,,,,,,,,,
1882,25/2/2012,sábado,25,2363.55,1,0,0,,,,,,,,,,,,,,,,,
1883,26/2/2012,domingo,26,2235.88,1,0,0,,,,,,,,,,,,,,,,,
1884,27/2/2012,lunes,27,2217.87,0,0,0,,,,,,,,,,,,,,,,,
1885,28/2/2012,martes,28,2197.99,0,0,0,,,,,,,,,,,,,,,,,
1886,29/2/2012,miércoles,29,2228.24,0,0,0,,,,,,,,,,,,,,,,,
1887,1/3/2012,jueves,1,2216.99,0,0,0,,,,,,,,,,,,,,,,,
1888,2/3/2012,viernes,2,2230.35,0,0,0,,,,,,,,,,,,,,,,,
1889,3/3/2012,sábado,3,2231.92,1,0,0,,,,,,,,,,,,,,,,,
1890,4/3/2012,domingo,4,2300.77,1,0,0,,,,,,,,,,,,,,,,,
1891,5/3/2012,lunes,5,2229.16,0,0,0,,,,,,,,,,,,,,,,,
1892,6/3/2012,martes,6,2190.55,0,0,0,,,,,,,,,,,,,,,,,
1893,7/3/2012,miércoles,7,2246.11,0,0,0,,,,,,,,,,,,,,,,,
1894,8/3/2012,jueves,8,2278.78,0,0,0,,,,,,,,,,,,,,,,,
1895,9/3/2012,viernes,9,2211.10,0,0,0,,,,,,,,,,,,,,,,,
1896,10/3/2012,sábado,10,2279.17,1,0,0,,,,,,,,,,,,,,,,,
1897,11/3/2012,domingo,11,2273.24,1,0,0,,,,,,,,,,,,,,,,,
1898,12/3/2012,lunes,12,2228.46,0,0,0,,,,,,,,,,,,,,,,,
1899,13/3/2012,martes,13,2368.86,0,0,0,,,,,,,,,,,,,,,,,
1900,14/3/2012,miércoles,14,2320.82,0,0,0,,,,,,,,,,,,,,,,,
1901,15/3/2012,jueves,15,2271.95,0,0,0,,,,,,,,,,,,,,,,,
1902,16/3/2012,viernes,16,2308.35,0,0,0,,,,,,,,,,,,,,,,,
1903,17/3/2012,sábado,17,2287.72,1,0,0,,,,,,,,,,,,,,,,,
1904,18/3/2012,domingo,18,2268.72,1,0,0,,,,,,,,,,,,,,,,,
1905,19/3/2012,lunes,19,2209.42,0,0,0,,,,,,,,,,,,,,,,,
1906,20/3/2012,martes,20,2253.87,0,0,0,,,,,,,,,,,,,,,,,
1907,21/3/2012,miércoles,21,2227.61,0,0,0,,,,,,,,,,,,,,,,,
1908,22/3/2012,jueves,22,2234.05,0,0,0,,,,,,,,,,,,,,,,,
1909,23/3/2012,viernes,23,2237.98,0,0,0,,,,,,,,,,,,,,,,,
1910,24/3/2012,sábado,24,2269.03,1,0,0,,,,,,,,,,,,,,,,,
1911,25/3/2012,domingo,25,2200.23,1,0,0,,,,,,,,,,,,,,,,,
1912,26/3/2012,lunes,26,2246.78,0,0,0,,,,,,,,,,,,,,,,,
1913,27/3/2012,martes,27,2258.61,0,0,0,,,,,,,,,,,,,,,,,
1914,28/3/2012,miércoles,28,2218.87,0,0,0,,,,,,,,,,,,,,,,,
1915,29/3/2012,jueves,29,2289.46,0,0,0,,,,,,,,,,,,,,,,,
1916,30/3/2012,viernes,30,2288.52,0,0,0,,,,,,,,,,,,,,,,,
1917,31/3/2012,sábado,31,2224.08,1,0,0,,,,,,,,,,,,,,,,,
1918,1/4/2012,domingo,1,2259.10,1,0,0,,,,,,,,,,,,,,,,,
1919,2/4/2012,lunes,2,2189.29,0,0,0,,,,,,,,,,,,,,,,,
1920,3/4/2012,martes,3,2334.51,0,0,0,,,,,,,,,,,,,,,,,
1921,4/4/2012,miércoles,4,2314.85,0,0,0,,,,,,,,,,,,,,,,,
1922,5/4/2012,jueves,5,2147.74,0,0,0,,,,,,,,,,,,,,,,,
1923,6/4/2012,viernes,6,1986.83,0,1,0,,,,,,,,,,,,,,,,,
1924,7/4/2012,sábado,7,2076.55,1,0,0,,,,,,,,,,,,,,,,,
1925,8/4/2012,domingo,8,2004.08,1,0,0,,,,,,,,,,,,,,,,,
1926,9/4/2012,lunes,9,2169.54,0,0,0,,,,,,,,,,,,,,,,,
1927,10/4/2012,martes,10,2250.65,0,0,0,,,,,,,,,,,,,,,,,
1928,11/4/2012,miércoles,11,2191.84,0,0,0,,,,,,,,,,,,,,,,,
1929,12/4/2012,jueves,12,2224.32,0,0,0,,,,,,,,,,,,,,,,,
1930,13/4/2012,viernes,13,1947.75,0,0,0,,,,,,,,,,,,,,,,,
1931,14/4/2012,sábado,14,2206.38,1,0,0,,,,,,,,,,,,,,,,,
1932,15/4/2012,domingo,15,2296.23,1,0,0,,,,,,,,,,,,,,,,,
1933,16/4/2012,lunes,16,2263.91,0,0,0,,,,,,,,,,,,,,,,,
1934,17/4/2012,martes,17,2252.94,0,0,0,,,,,,,,,,,,,,,,,
1935,18/4/2012,miércoles,18,2235.95,0,0,0,,,,,,,,,,,,,,,,,
1936,19/4/2012,jueves,19,2131.86,0,0,0,,,,,,,,,,,,,,,,,
1937,20/4/2012,viernes,20,2221.42,0,0,0,,,,,,,,,,,,,,,,,
1938,21/4/2012,sábado,21,2260.23,1,0,0,,,,,,,,,,,,,,,,,
1939,22/4/2012,domingo,22,2172.74,1,0,0,,,,,,,,,,,,,,,,,
1940,23/4/2012,lunes,23,2204.10,0,0,0,,,,,,,,,,,,,,,,,
1941,24/4/2012,martes,24,2311.48,0,0,0,,,,,,,,,,,,,,,,,
1942,25/4/2012,miércoles,25,2320.66,0,0,0,,,,,,,,,,,,,,,,,
1943,26/4/2012,jueves,26,2302.20,0,0,0,,,,,,,,,,,,,,,,,
1944,27/4/2012,viernes,27,2198.12,0,0,0,,,,,,,,,,,,,,,,,
1945,28/4/2012,sábado,28,2321.91,1,0,0,,,,,,,,,,,,,,,,,
1946,29/4/2012,domingo,29,2260.52,1,0,0,,,,,,,,,,,,,,,,,
1947,30/4/2012,lunes,30,2249.93,0,0,0,,,,,,,,,,,,,,,,,
1948,1/5/2012,martes,1,2204.34,0,1,0,,,,,,,,,,,,,,,,,
1949,2/5/2012,miércoles,2,2219.52,0,0,0,,,,,,,,,,,,,,,,,
1950,3/5/2012,jueves,3,2182.41,0,0,0,,,,,,,,,,,,,,,,,
1951,4/5/2012,viernes,4,2335.59,0,0,0,,,,,,,,,,,,,,,,,
1952,5/5/2012,sábado,5,2175.46,1,0,0,,,,,,,,,,,,,,,,,
1953,6/5/2012,domingo,6,2209.76,1,0,0,,,,,,,,,,,,,,,,,
1954,7/5/2012,lunes,7,2211.42,0,0,0,,,,,,,,,,,,,,,,,
1955,8/5/2012,martes,8,2242.13,0,0,0,,,,,,,,,,,,,,,,,
1956,9/5/2012,miércoles,9,2305.16,0,0,0,,,,,,,,,,,,,,,,,
1957,10/5/2012,jueves,10,2170.98,0,0,0,,,,,,,,,,,,,,,,,
1958,11/5/2012,viernes,11,2241.76,0,0,0,,,,,,,,,,,,,,,,,
1959,12/5/2012,sábado,12,2321.64,1,0,0,,,,,,,,,,,,,,,,,
1960,13/5/2012,domingo,13,2178.50,1,0,0,,,,,,,,,,,,,,,,,
1961,14/5/2012,lunes,14,2223.07,0,0,0,,,,,,,,,,,,,,,,,
1962,15/5/2012,martes,15,2243.26,0,0,0,,,,,,,,,,,,,,,,,
1963,16/5/2012,miércoles,16,2287.89,0,0,0,,,,,,,,,,,,,,,,,
1964,17/5/2012,jueves,17,2236.00,0,0,0,,,,,,,,,,,,,,,,,
1965,18/5/2012,viernes,18,2204.88,0,0,0,,,,,,,,,,,,,,,,,
1966,19/5/2012,sábado,19,2234.25,1,0,0,,,,,,,,,,,,,,,,,
1967,20/5/2012,domingo,20,2234.49,1,0,0,,,,,,,,,,,,,,,,,
1968,21/5/2012,lunes,21,2263.61,0,0,0,,,,,,,,,,,,,,,,,
1969,22/5/2012,martes,22,2252.06,0,0,0,,,,,,,,,,,,,,,,,
1970,23/5/2012,miércoles,23,2260.63,0,0,0,,,,,,,,,,,,,,,,,
1971,24/5/2012,jueves,24,2295.92,0,1,0,,,,,,,,,,,,,,,,,
1972,25/5/2012,viernes,25,2202.75,0,0,0,,,,,,,,,,,,,,,,,
1973,26/5/2012,sábado,26,2276.14,1,0,0,,,,,,,,,,,,,,,,,
1974,27/5/2012,domingo,27,2226.60,1,0,0,,,,,,,,,,,,,,,,,
1975,28/5/2012,lunes,28,2253.81,0,0,0,,,,,,,,,,,,,,,,,
1976,29/5/2012,martes,29,2551.86,0,0,0,,,,,,,,,,,,,,,,,
1977,30/5/2012,miércoles,30,2403.67,0,0,0,,,,,,,,,,,,,,,,,
1978,31/5/2012,jueves,31,2425.22,0,0,0,,,,,,,,,,,,,,,,,
1979,1/6/2012,viernes,1,2438.32,0,0,1,,,,,,,,,,,,,,,,,
1980,2/6/2012,sábado,2,2368.10,1,0,1,,,,,,,,,,,,,,,,,
1981,3/6/2012,domingo,3,2396.78,1,0,1,,,,,,,,,,,,,,,,,
1982,4/6/2012,lunes,4,2386.53,0,0,1,,,,,,,,,,,,,,,,,
1983,5/6/2012,martes,5,2442.34,0,0,1,,,,,,,,,,,,,,,,,
1984,6/6/2012,miércoles,6,2446.50,0,0,1,,,,,,,,,,,,,,,,,
1985,7/6/2012,jueves,7,2420.28,0,0,1,,,,,,,,,,,,,,,,,
1986,8/6/2012,viernes,8,2397.90,0,0,1,,,,,,,,,,,,,,,,,
1987,9/6/2012,sábado,9,2429.83,1,0,1,,,,,,,,,,,,,,,,,
1988,10/6/2012,domingo,10,2368.25,1,0,1,,,,,,,,,,,,,,,,,
1989,11/6/2012,lunes,11,2431.26,0,0,1,,,,,,,,,,,,,,,,,
1990,12/6/2012,martes,12,2417.05,0,0,1,,,,,,,,,,,,,,,,,
1991,13/6/2012,miércoles,13,2453.53,0,0,1,,,,,,,,,,,,,,,,,
1992,14/6/2012,jueves,14,2438.98,0,0,1,,,,,,,,,,,,,,,,,
1993,15/6/2012,viernes,15,2270.47,0,0,1,,,,,,,,,,,,,,,,,
1994,16/6/2012,sábado,16,2434.77,1,0,1,,,,,,,,,,,,,,,,,
1995,17/6/2012,domingo,17,2382.51,1,0,1,,,,,,,,,,,,,,,,,
1996,18/6/2012,lunes,18,2408.90,0,0,1,,,,,,,,,,,,,,,,,
1997,19/6/2012,martes,19,2429.69,0,0,1,,,,,,,,,,,,,,,,,
1998,20/6/2012,miércoles,20,2727.29,0,0,1,,,,,,,,,,,,,,,,,
1999,21/6/2012,jueves,21,2429.63,0,0,1,,,,,,,,,,,,,,,,,
2000,22/6/2012,viernes,22,2452.81,0,0,1,,,,,,,,,,,,,,,,,
2001,23/6/2012,sábado,23,2373.88,1,0,1,,,,,,,,,,,,,,,,,
2002,24/6/2012,domingo,24,2371.23,1,0,1,,,,,,,,,,,,,,,,,
2003,25/6/2012,lunes,25,2179.59,0,0,1,,,,,,,,,,,,,,,,,
2004,26/6/2012,martes,26,2480.15,0,0,1,,,,,,,,,,,,,,,,,
2005,27/6/2012,miércoles,27,2375.61,0,0,1,,,,,,,,,,,,,,,,,
2006,28/6/2012,jueves,28,2412.93,0,0,1,,,,,,,,,,,,,,,,,
2007,29/6/2012,viernes,29,2332.83,0,0,1,,,,,,,,,,,,,,,,,
2008,30/6/2012,sábado,30,2312.37,1,0,1,,,,,,,,,,,,,,,,,
2009,1/7/2012,domingo,1,2287.34,1,0,1,,,,,,,,,,,,,,,,,
2010,2/7/2012,lunes,2,2303.71,0,0,1,,,,,,,,,,,,,,,,,
2011,3/7/2012,martes,3,2382.89,0,0,1,,,,,,,,,,,,,,,,,
2012,4/7/2012,miércoles,4,2387.12,0,0,1,,,,,,,,,,,,,,,,,
2013,5/7/2012,jueves,5,2362.03,0,0,1,,,,,,,,,,,,,,,,,
2014,6/7/2012,viernes,6,1965.93,0,0,1,,,,,,,,,,,,,,,,,
2015,7/7/2012,sábado,7,1994.17,1,0,1,,,,,,,,,,,,,,,,,
2016,8/7/2012,domingo,8,1984.16,1,0,1,,,,,,,,,,,,,,,,,
2017,9/7/2012,lunes,9,2299.27,0,0,1,,,,,,,,,,,,,,,,,
2018,10/7/2012,martes,10,2404.30,0,0,1,,,,,,,,,,,,,,,,,
2019,11/7/2012,miércoles,11,2415.69,0,0,1,,,,,,,,,,,,,,,,,
2020,12/7/2012,jueves,12,2383.01,0,0,1,,,,,,,,,,,,,,,,,
2021,13/7/2012,viernes,13,2296.62,0,0,1,,,,,,,,,,,,,,,,,
2022,14/7/2012,sábado,14,2330.89,1,0,1,,,,,,,,,,,,,,,,,
2023,15/7/2012,domingo,15,2320.93,1,0,1,,,,,,,,,,,,,,,,,
2024,16/7/2012,lunes,16,2353.60,0,0,1,,,,,,,,,,,,,,,,,
2025,17/7/2012,martes,17,2422.10,0,0,1,,,,,,,,,,,,,,,,,
2026,18/7/2012,miércoles,18,2423.02,0,0,1,,,,,,,,,,,,,,,,,
2027,19/7/2012,jueves,19,2451.02,0,0,1,,,,,,,,,,,,,,,,,
2028,20/7/2012,viernes,20,2496.40,0,0,1,,,,,,,,,,,,,,,,,
2029,21/7/2012,sábado,21,2478.09,1,0,1,,,,,,,,,,,,,,,,,
2030,22/7/2012,domingo,22,2066.97,1,0,1,,,,,,,,,,,,,,,,,
2031,23/7/2012,lunes,23,2018.82,0,0,1,,,,,,,,,,,,,,,,,
2032,24/7/2012,martes,24,2371.84,0,0,1,,,,,,,,,,,,,,,,,
2033,25/7/2012,miércoles,25,2516.08,0,0,1,,,,,,,,,,,,,,,,,
2034,26/7/2012,jueves,26,2335.91,0,0,1,,,,,,,,,,,,,,,,,
2035,27/7/2012,viernes,27,2485.31,0,0,1,,,,,,,,,,,,,,,,,
2036,28/7/2012,sábado,28,2504.75,1,0,1,,,,,,,,,,,,,,,,,
2037,29/7/2012,domingo,29,2400.80,1,0,1,,,,,,,,,,,,,,,,,
2038,30/7/2012,lunes,30,2406.16,0,0,1,,,,,,,,,,,,,,,,,
2039,31/7/2012,martes,31,2501.94,0,0,1,,,,,,,,,,,,,,,,,
2040,1/8/2012,miércoles,1,2522.64,0,0,1,,,,,,,,,,,,,,,,,
2041,2/8/2012,jueves,2,2525.17,0,0,1,,,,,,,,,,,,,,,,,
2042,3/8/2012,viernes,3,2526.95,0,0,1,,,,,,,,,,,,,,,,,
2043,4/8/2012,sábado,4,2630.28,1,0,1,,,,,,,,,,,,,,,,,
2044,5/8/2012,domingo,5,2426.04,1,0,1,,,,,,,,,,,,,,,,,
2045,6/8/2012,lunes,6,2584.10,0,0,1,,,,,,,,,,,,,,,,,
2046,7/8/2012,martes,7,2596.28,0,0,1,,,,,,,,,,,,,,,,,
2047,8/8/2012,miércoles,8,2600.71,0,0,1,,,,,,,,,,,,,,,,,
2048,9/8/2012,jueves,9,2634.20,0,0,1,,,,,,,,,,,,,,,,,
2049,10/8/2012,viernes,10,2587.85,0,1,1,,,,,,,,,,,,,,,,,
2050,11/8/2012,sábado,11,2531.03,1,0,1,,,,,,,,,,,,,,,,,
2051,12/8/2012,domingo,12,2447.68,1,0,1,,,,,,,,,,,,,,,,,
2052,13/8/2012,lunes,13,2507.85,0,0,1,,,,,,,,,,,,,,,,,
2053,14/8/2012,martes,14,2633.93,0,0,1,,,,,,,,,,,,,,,,,
2054,15/8/2012,miércoles,15,2655.87,0,0,1,,,,,,,,,,,,,,,,,
2055,16/8/2012,jueves,16,2589.06,0,0,1,,,,,,,,,,,,,,,,,
2056,17/8/2012,viernes,17,2479.13,0,0,1,,,,,,,,,,,,,,,,,
2057,18/8/2012,sábado,18,2493.94,1,0,1,,,,,,,,,,,,,,,,,
2058,19/8/2012,domingo,19,2461.46,1,0,1,,,,,,,,,,,,,,,,,
2059,20/8/2012,lunes,20,2574.73,0,0,1,,,,,,,,,,,,,,,,,
2060,21/8/2012,martes,21,2653.83,0,0,1,,,,,,,,,,,,,,,,,
2061,22/8/2012,miércoles,22,2618.21,0,0,1,,,,,,,,,,,,,,,,,
2062,23/8/2012,jueves,23,2547.00,0,0,1,,,,,,,,,,,,,,,,,
2063,24/8/2012,viernes,24,2607.77,0,0,1,,,,,,,,,,,,,,,,,
2064,25/8/2012,sábado,25,2535.34,1,0,1,,,,,,,,,,,,,,,,,
2065,26/8/2012,domingo,26,2467.60,1,0,1,,,,,,,,,,,,,,,,,
2066,27/8/2012,lunes,27,2503.99,0,0,1,,,,,,,,,,,,,,,,,
2067,28/8/2012,martes,28,2599.07,0,0,1,,,,,,,,,,,,,,,,,
2068,29/8/2012,miércoles,29,2649.39,0,0,1,,,,,,,,,,,,,,,,,
2069,30/8/2012,jueves,30,2648.14,0,0,1,,,,,,,,,,,,,,,,,
2070,31/8/2012,viernes,31,2378.18,0,0,1,,,,,,,,,,,,,,,,,
2071,1/9/2012,sábado,1,2594.36,1,0,1,,,,,,,,,,,,,,,,,
2072,2/9/2012,domingo,2,2627.32,1,0,1,,,,,,,,,,,,,,,,,
2073,3/9/2012,lunes,3,2582.12,0,0,1,,,,,,,,,,,,,,,,,
2074,4/9/2012,martes,4,2635.77,0,0,1,,,,,,,,,,,,,,,,,
2075,5/9/2012,miércoles,5,2649.37,0,0,1,,,,,,,,,,,,,,,,,
2076,6/9/2012,jueves,6,2691.46,0,0,1,,,,,,,,,,,,,,,,,
2077,7/9/2012,viernes,7,2680.23,0,0,1,,,,,,,,,,,,,,,,,
2078,8/9/2012,sábado,8,2588.91,1,0,1,,,,,,,,,,,,,,,,,
2079,9/9/2012,domingo,9,2595.92,1,0,1,,,,,,,,,,,,,,,,,
2080,10/9/2012,lunes,10,2443.06,0,0,1,,,,,,,,,,,,,,,,,
2081,11/9/2012,martes,11,2623.75,0,0,1,,,,,,,,,,,,,,,,,
2082,12/9/2012,miércoles,12,2678.56,0,0,1,,,,,,,,,,,,,,,,,
2083,13/9/2012,jueves,13,2669.80,0,0,1,,,,,,,,,,,,,,,,,
2084,14/9/2012,viernes,14,2662.73,0,0,1,,,,,,,,,,,,,,,,,
2085,15/9/2012,sábado,15,2676.81,1,0,1,,,,,,,,,,,,,,,,,
2086,16/9/2012,domingo,16,2687.38,1,0,1,,,,,,,,,,,,,,,,,
2087,17/9/2012,lunes,17,2549.88,0,0,1,,,,,,,,,,,,,,,,,
2088,18/9/2012,martes,18,2629.76,0,0,1,,,,,,,,,,,,,,,,,
2089,19/9/2012,miércoles,19,2620.18,0,0,1,,,,,,,,,,,,,,,,,
2090,20/9/2012,jueves,20,2549.64,0,0,1,,,,,,,,,,,,,,,,,
2091,21/9/2012,viernes,21,2654.53,0,0,1,,,,,,,,,,,,,,,,,
2092,22/9/2012,sábado,22,2558.51,1,0,1,,,,,,,,,,,,,,,,,
2093,23/9/2012,domingo,23,2636.37,1,0,1,,,,,,,,,,,,,,,,,
2094,24/9/2012,lunes,24,2600.39,0,0,1,,,,,,,,,,,,,,,,,
2095,25/9/2012,martes,25,2616.38,0,0,1,,,,,,,,,,,,,,,,,
2096,26/9/2012,miércoles,26,2463.39,0,0,1,,,,,,,,,,,,,,,,,
2097,27/9/2012,jueves,27,2543.69,0,0,1,,,,,,,,,,,,,,,,,
2098,28/9/2012,viernes,28,2479.44,0,0,1,,,,,,,,,,,,,,,,,
2099,29/9/2012,sábado,29,2531.42,1,0,1,,,,,,,,,,,,,,,,,
2100,30/9/2012,domingo,30,2598.02,1,0,1,,,,,,,,,,,,,,,,,
2101,1/10/2012,lunes,1,2499.37,0,0,0,,,,,,,,,,,,,,,,,
2102,2/10/2012,martes,2,2547.24,0,0,0,,,,,,,,,,,,,,,,,
2103,3/10/2012,miércoles,3,2557.52,0,0,0,,,,,,,,,,,,,,,,,
2104,4/10/2012,jueves,4,2555.59,0,0,0,,,,,,,,,,,,,,,,,
2105,5/10/2012,viernes,5,2376.80,0,0,0,,,,,,,,,,,,,,,,,
2106,6/10/2012,sábado,6,2402.10,1,0,0,,,,,,,,,,,,,,,,,
2107,7/10/2012,domingo,7,2386.31,1,0,0,,,,,,,,,,,,,,,,,
2108,8/10/2012,lunes,8,2453.28,0,0,0,,,,,,,,,,,,,,,,,
2109,9/10/2012,martes,9,2398.96,0,1,0,,,,,,,,,,,,,,,,,
2110,10/10/2012,miércoles,10,2455.16,0,0,0,,,,,,,,,,,,,,,,,
2111,11/10/2012,jueves,11,2446.30,0,0,0,,,,,,,,,,,,,,,,,
2112,12/10/2012,viernes,12,2379.58,0,0,0,,,,,,,,,,,,,,,,,
2113,13/10/2012,sábado,13,2356.03,1,0,0,,,,,,,,,,,,,,,,,
2114,14/10/2012,domingo,14,2317.07,1,0,0,,,,,,,,,,,,,,,,,
2115,15/10/2012,lunes,15,2439.36,0,0,0,,,,,,,,,,,,,,,,,
2116,16/10/2012,martes,16,2405.76,0,0,0,,,,,,,,,,,,,,,,,
2117,17/10/2012,miércoles,17,2271.65,0,0,0,,,,,,,,,,,,,,,,,
2118,18/10/2012,jueves,18,2335.25,0,0,0,,,,,,,,,,,,,,,,,
2119,19/10/2012,viernes,19,2289.36,0,0,0,,,,,,,,,,,,,,,,,
2120,20/10/2012,sábado,20,2375.70,1,0,0,,,,,,,,,,,,,,,,,
2121,21/10/2012,domingo,21,2450.89,1,0,0,,,,,,,,,,,,,,,,,
2122,22/10/2012,lunes,22,2444.97,0,0,0,,,,,,,,,,,,,,,,,
2123,23/10/2012,martes,23,2399.61,0,0,0,,,,,,,,,,,,,,,,,
2124,24/10/2012,miércoles,24,2333.07,0,0,0,,,,,,,,,,,,,,,,,
2125,25/10/2012,jueves,25,2340.86,0,0,0,,,,,,,,,,,,,,,,,
2126,26/10/2012,viernes,26,2442.58,0,0,0,,,,,,,,,,,,,,,,,
2127,27/10/2012,sábado,27,2427.62,1,0,0,,,,,,,,,,,,,,,,,
2128,28/10/2012,domingo,28,2475.94,1,0,0,,,,,,,,,,,,,,,,,
2129,29/10/2012,lunes,29,2571.32,0,0,0,,,,,,,,,,,,,,,,,
2130,30/10/2012,martes,30,2525.58,0,0,0,,,,,,,,,,,,,,,,,
2131,31/10/2012,miércoles,31,2379.48,0,0,0,,,,,,,,,,,,,,,,,
2132,1/11/2012,jueves,1,2454.97,0,0,0,,,,,,,,,,,,,,,,,
2133,2/11/2012,viernes,2,2395.35,0,1,0,,,,,,,,,,,,,,,,,
2134,3/11/2012,sábado,3,2357.25,1,1,0,,,,,,,,,,,,,,,,,
2135,4/11/2012,domingo,4,2295.28,1,0,0,,,,,,,,,,,,,,,,,
2136,5/11/2012,lunes,5,2344.77,0,0,0,,,,,,,,,,,,,,,,,
2137,6/11/2012,martes,6,2389.45,0,0,0,,,,,,,,,,,,,,,,,
2138,7/11/2012,miércoles,7,2400.11,0,0,0,,,,,,,,,,,,,,,,,
2139,8/11/2012,jueves,8,2435.90,0,0,0,,,,,,,,,,,,,,,,,
2140,9/11/2012,viernes,9,2371.34,0,0,0,,,,,,,,,,,,,,,,,
2141,10/11/2012,sábado,10,2405.56,1,0,0,,,,,,,,,,,,,,,,,
2142,11/11/2012,domingo,11,2453.77,1,0,0,,,,,,,,,,,,,,,,,
2143,12/11/2012,lunes,12,2331.99,0,0,0,,,,,,,,,,,,,,,,,
2144,13/11/2012,martes,13,2435.08,0,0,0,,,,,,,,,,,,,,,,,
2145,14/11/2012,miércoles,14,2603.21,0,0,0,,,,,,,,,,,,,,,,,
2146,15/11/2012,jueves,15,2445.44,0,0,0,,,,,,,,,,,,,,,,,
2147,16/11/2012,viernes,16,2656.50,0,0,0,,,,,,,,,,,,,,,,,
2148,17/11/2012,sábado,17,2381.41,1,0,0,,,,,,,,,,,,,,,,,
2149,18/11/2012,domingo,18,2374.52,1,0,0,,,,,,,,,,,,,,,,,
2150,19/11/2012,lunes,19,2338.38,0,0,0,,,,,,,,,,,,,,,,,
2151,20/11/2012,martes,20,2440.77,0,0,0,,,,,,,,,,,,,,,,,
2152,21/11/2012,miércoles,21,2399.53,0,0,0,,,,,,,,,,,,,,,,,
2153,22/11/2012,jueves,22,2356.86,0,0,0,,,,,,,,,,,,,,,,,
2154,23/11/2012,viernes,23,2370.64,0,0,0,,,,,,,,,,,,,,,,,
2155,24/11/2012,sábado,24,2421.51,1,0,0,,,,,,,,,,,,,,,,,
2156,25/11/2012,domingo,25,2350.00,1,0,0,,,,,,,,,,,,,,,,,
2157,26/11/2012,lunes,26,2439.05,0,0,0,,,,,,,,,,,,,,,,,
2158,27/11/2012,martes,27,2458.13,0,0,0,,,,,,,,,,,,,,,,,
2159,28/11/2012,miércoles,28,2495.75,0,0,0,,,,,,,,,,,,,,,,,
2160,29/11/2012,jueves,29,2392.13,0,0,0,,,,,,,,,,,,,,,,,
2161,30/11/2012,viernes,30,2363.01,0,0,0,,,,,,,,,,,,,,,,,
2162,1/12/2012,sábado,1,2344.67,1,0,0,,,,,,,,,,,,,,,,,
2163,2/12/2012,domingo,2,2399.21,1,0,0,,,,,,,,,,,,,,,,,
2164,3/12/2012,lunes,3,2453.71,0,0,0,,,,,,,,,,,,,,,,,
2165,4/12/2012,martes,4,2466.74,0,0,0,,,,,,,,,,,,,,,,,
2166,5/12/2012,miércoles,5,2416.95,0,0,0,,,,,,,,,,,,,,,,,
2167,6/12/2012,jueves,6,2318.15,0,1,0,,,,,,,,,,,,,,,,,
2168,7/12/2012,viernes,7,2546.56,0,0,0,,,,,,,,,,,,,,,,,
2169,8/12/2012,sábado,8,2462.20,1,0,0,,,,,,,,,,,,,,,,,
2170,9/12/2012,domingo,9,2578.18,1,0,0,,,,,,,,,,,,,,,,,
2171,10/12/2012,lunes,10,2582.02,0,0,0,,,,,,,,,,,,,,,,,
2172,11/12/2012,martes,11,2552.68,0,0,0,,,,,,,,,,,,,,,,,
2173,12/12/2012,miércoles,12,2570.97,0,0,0,,,,,,,,,,,,,,,,,
2174,13/12/2012,jueves,13,2464.50,0,0,0,,,,,,,,,,,,,,,,,
2175,14/12/2012,viernes,14,2485.27,0,0,0,,,,,,,,,,,,,,,,,
2176,15/12/2012,sábado,15,2514.27,1,0,0,,,,,,,,,,,,,,,,,
2177,16/12/2012,domingo,16,2540.69,1,0,0,,,,,,,,,,,,,,,,,
2178,17/12/2012,lunes,17,2571.80,0,0,0,,,,,,,,,,,,,,,,,
2179,18/12/2012,martes,18,2586.14,0,0,0,,,,,,,,,,,,,,,,,
2180,19/12/2012,miércoles,19,2588.80,0,0,0,,,,,,,,,,,,,,,,,
2181,20/12/2012,jueves,20,2594.76,0,0,0,,,,,,,,,,,,,,,,,
2182,21/12/2012,viernes,21,2563.01,0,0,0,,,,,,,,,,,,,,,,,
2183,22/12/2012,sábado,22,2511.67,1,0,0,,,,,,,,,,,,,,,,,
2184,23/12/2012,domingo,23,2476.68,1,0,0,,,,,,,,,,,,,,,,,
2185,24/12/2012,lunes,24,2519.01,0,0,0,,,,,,,,,,,,,,,,,
2186,25/12/2012,martes,25,2489.15,0,1,0,,,,,,,,,,,,,,,,,
2187,26/12/2012,miércoles,26,2518.53,0,0,0,,,,,,,,,,,,,,,,,
2188,27/12/2012,jueves,27,2637.17,0,0,0,,,,,,,,,,,,,,,,,
2189,28/12/2012,viernes,28,2540.92,0,0,0,,,,,,,,,,,,,,,,,
2190,29/12/2012,sábado,29,2555.88,1,0,0,,,,,,,,,,,,,,,,,
2191,30/12/2012,domingo,30,2535.39,1,0,0,,,,,,,,,,,,,,,,,
2192,31/12/2012,lunes,31,2427.95,0,0,0,,,,,,,,,,,,,,,,,
2193,1/1/2013,martes,1,2342.54,0,1,0,,,,,,,,,,,,,,,,,
2194,2/1/2013,miércoles,2,2434.34,0,0,0,,,,,,,,,,,,,,,,,
2195,3/1/2013,jueves,3,2523.78,0,0,0,,,,,,,,,,,,,,,,,
2196,4/1/2013,viernes,4,2564.91,0,0,0,,,,,,,,,,,,,,,,,
2197,5/1/2013,sábado,5,2526.29,1,0,0,,,,,,,,,,,,,,,,,
2198,6/1/2013,domingo,6,2524.60,1,0,0,,,,,,,,,,,,,,,,,
2199,7/1/2013,lunes,7,2564.79,0,0,0,,,,,,,,,,,,,,,,,
2200,8/1/2013,martes,8,2564.20,0,0,0,,,,,,,,,,,,,,,,,
2201,9/1/2013,miércoles,9,2551.17,0,0,0,,,,,,,,,,,,,,,,,
2202,10/1/2013,jueves,10,2667.37,0,0,0,,,,,,,,,,,,,,,,,
2203,11/1/2013,viernes,11,2596.70,0,0,0,,,,,,,,,,,,,,,,,
2204,12/1/2013,sábado,12,2693.97,1,0,0,,,,,,,,,,,,,,,,,
2205,13/1/2013,domingo,13,2679.91,1,0,0,,,,,,,,,,,,,,,,,
2206,14/1/2013,lunes,14,2570.62,0,0,0,,,,,,,,,,,,,,,,,
2207,15/1/2013,martes,15,2576.14,0,0,0,,,,,,,,,,,,,,,,,
2208,16/1/2013,miércoles,16,2614.39,0,0,0,,,,,,,,,,,,,,,,,
2209,17/1/2013,jueves,17,2475.60,0,0,0,,,,,,,,,,,,,,,,,
2210,18/1/2013,viernes,18,2422.98,0,0,0,,,,,,,,,,,,,,,,,
2211,19/1/2013,sábado,19,2502.46,1,0,0,,,,,,,,,,,,,,,,,
2212,20/1/2013,domingo,20,2532.93,1,0,0,,,,,,,,,,,,,,,,,
2213,21/1/2013,lunes,21,2184.36,0,0,0,,,,,,,,,,,,,,,,,
2214,22/1/2013,martes,22,2552.26,0,0,0,,,,,,,,,,,,,,,,,
2215,23/1/2013,miércoles,23,2695.40,0,0,0,,,,,,,,,,,,,,,,,
2216,24/1/2013,jueves,24,2616.18,0,0,0,,,,,,,,,,,,,,,,,
2217,25/1/2013,viernes,25,2450.07,0,0,0,,,,,,,,,,,,,,,,,
2218,26/1/2013,sábado,26,2560.21,1,0,0,,,,,,,,,,,,,,,,,
2219,27/1/2013,domingo,27,2538.67,1,0,0,,,,,,,,,,,,,,,,,
2220,28/1/2013,lunes,28,2554.97,0,0,0,,,,,,,,,,,,,,,,,
2221,29/1/2013,martes,29,2598.30,0,0,0,,,,,,,,,,,,,,,,,
2222,30/1/2013,miércoles,30,2651.41,0,0,0,,,,,,,,,,,,,,,,,
2223,31/1/2013,jueves,31,2700.91,0,0,0,,,,,,,,,,,,,,,,,
2224,1/2/2013,viernes,1,2695.09,0,0,0,,,,,,,,,,,,,,,,,
2225,2/2/2013,sábado,2,2598.36,1,0,0,,,,,,,,,,,,,,,,,
2226,3/2/2013,domingo,3,2556.20,1,0,0,,,,,,,,,,,,,,,,,
2227,4/2/2013,lunes,4,2503.97,0,0,0,,,,,,,,,,,,,,,,,
2228,5/2/2013,martes,5,2384.73,0,0,0,,,,,,,,,,,,,,,,,
2229,6/2/2013,miércoles,6,2481.58,0,0,0,,,,,,,,,,,,,,,,,
2230,7/2/2013,jueves,7,2515.99,0,0,0,,,,,,,,,,,,,,,,,
2231,8/2/2013,viernes,8,2554.38,0,0,0,,,,,,,,,,,,,,,,,
2232,9/2/2013,sábado,9,2438.12,1,0,0,,,,,,,,,,,,,,,,,
2233,10/2/2013,domingo,10,2167.93,1,0,0,,,,,,,,,,,,,,,,,
2234,11/2/2013,lunes,11,2217.63,0,1,0,,,,,,,,,,,,,,,,,
2235,12/2/2013,martes,12,2252.00,0,1,0,,,,,,,,,,,,,,,,,
2236,13/2/2013,miércoles,13,2325.67,0,0,0,,,,,,,,,,,,,,,,,
2237,14/2/2013,jueves,14,2487.95,0,0,0,,,,,,,,,,,,,,,,,
2238,15/2/2013,viernes,15,2468.84,0,0,0,,,,,,,,,,,,,,,,,
2239,16/2/2013,sábado,16,2447.03,1,0,0,,,,,,,,,,,,,,,,,
2240,17/2/2013,domingo,17,2346.99,1,0,0,,,,,,,,,,,,,,,,,
2241,18/2/2013,lunes,18,2399.66,0,0,0,,,,,,,,,,,,,,,,,
2242,19/2/2013,martes,19,2429.94,0,0,0,,,,,,,,,,,,,,,,,
2243,20/2/2013,miércoles,20,2472.75,0,0,0,,,,,,,,,,,,,,,,,
2244,21/2/2013,jueves,21,2465.01,0,0,0,,,,,,,,,,,,,,,,,
2245,22/2/2013,viernes,22,2389.88,0,0,0,,,,,,,,,,,,,,,,,
2246,23/2/2013,sábado,23,2526.88,1,0,0,,,,,,,,,,,,,,,,,
2247,24/2/2013,domingo,24,2445.84,1,0,0,,,,,,,,,,,,,,,,,
2248,25/2/2013,lunes,25,2498.18,0,0,0,,,,,,,,,,,,,,,,,
2249,26/2/2013,martes,26,2517.29,0,0,0,,,,,,,,,,,,,,,,,
2250,27/2/2013,miércoles,27,2413.56,0,0,0,,,,,,,,,,,,,,,,,
2251,28/2/2013,jueves,28,2455.28,0,0,0,,,,,,,,,,,,,,,,,
2252,1/3/2013,viernes,1,2397.36,0,0,0,,,,,,,,,,,,,,,,,
2253,2/3/2013,sábado,2,2299.93,1,0,0,,,,,,,,,,,,,,,,,
2254,3/3/2013,domingo,3,2519.21,1,0,0,,,,,,,,,,,,,,,,,
2255,4/3/2013,lunes,4,2374.06,0,0,0,,,,,,,,,,,,,,,,,
2256,5/3/2013,martes,5,2557.90,0,0,0,,,,,,,,,,,,,,,,,
2257,6/3/2013,miércoles,6,2422.98,0,0,0,,,,,,,,,,,,,,,,,
2258,7/3/2013,jueves,7,2454.45,0,0,0,,,,,,,,,,,,,,,,,
2259,8/3/2013,viernes,8,2574.88,0,0,0,,,,,,,,,,,,,,,,,
2260,9/3/2013,sábado,9,2469.19,1,0,0,,,,,,,,,,,,,,,,,
2261,10/3/2013,domingo,10,2496.72,1,0,0,,,,,,,,,,,,,,,,,
2262,11/3/2013,lunes,11,2503.00,0,0,0,,,,,,,,,,,,,,,,,
2263,12/3/2013,martes,12,2609.30,0,0,0,,,,,,,,,,,,,,,,,
2264,13/3/2013,miércoles,13,2566.19,0,0,0,,,,,,,,,,,,,,,,,
2265,14/3/2013,jueves,14,2538.25,0,0,0,,,,,,,,,,,,,,,,,
2266,15/3/2013,viernes,15,2499.09,0,0,0,,,,,,,,,,,,,,,,,
2267,16/3/2013,sábado,16,2503.25,1,0,0,,,,,,,,,,,,,,,,,
2268,17/3/2013,domingo,17,2429.47,1,0,0,,,,,,,,,,,,,,,,,
2269,18/3/2013,lunes,18,2440.32,0,0,0,,,,,,,,,,,,,,,,,
2270,19/3/2013,martes,19,2476.86,0,0,0,,,,,,,,,,,,,,,,,
2271,20/3/2013,miércoles,20,2495.22,0,0,0,,,,,,,,,,,,,,,,,
2272,21/3/2013,jueves,21,2461.67,0,0,0,,,,,,,,,,,,,,,,,
2273,22/3/2013,viernes,22,2375.51,0,0,0,,,,,,,,,,,,,,,,,
2274,23/3/2013,sábado,23,2450.08,1,0,0,,,,,,,,,,,,,,,,,
2275,24/3/2013,domingo,24,2511.23,1,0,0,,,,,,,,,,,,,,,,,
2276,25/3/2013,lunes,25,2446.96,0,0,0,,,,,,,,,,,,,,,,,
2277,26/3/2013,martes,26,2355.51,0,0,0,,,,,,,,,,,,,,,,,
2278,27/3/2013,miércoles,27,2514.92,0,0,0,,,,,,,,,,,,,,,,,
2279,28/3/2013,jueves,28,2471.28,0,0,0,,,,,,,,,,,,,,,,,
2280,29/3/2013,viernes,29,2276.68,0,1,0,,,,,,,,,,,,,,,,,
2281,30/3/2013,sábado,30,2061.23,1,0,0,,,,,,,,,,,,,,,,,
2282,31/3/2013,domingo,31,2378.40,1,0,0,,,,,,,,,,,,,,,,,
2283,1/4/2013,lunes,1,2530.76,0,0,0,,,,,,,,,,,,,,,,,
2284,2/4/2013,martes,2,2632.41,0,0,0,,,,,,,,,,,,,,,,,
2285,3/4/2013,miércoles,3,2613.06,0,0,0,,,,,,,,,,,,,,,,,
2286,4/4/2013,jueves,4,2515.75,0,0,0,,,,,,,,,,,,,,,,,
2287,5/4/2013,viernes,5,2565.19,0,0,0,,,,,,,,,,,,,,,,,
2288,6/4/2013,sábado,6,2661.25,1,0,0,,,,,,,,,,,,,,,,,
2289,7/4/2013,domingo,7,2600.57,1,0,0,,,,,,,,,,,,,,,,,
2290,8/4/2013,lunes,8,2514.30,0,0,0,,,,,,,,,,,,,,,,,
2291,9/4/2013,martes,9,2630.19,0,0,0,,,,,,,,,,,,,,,,,
2292,10/4/2013,miércoles,10,2569.87,0,0,0,,,,,,,,,,,,,,,,,
2293,11/4/2013,jueves,11,2615.13,0,0,0,,,,,,,,,,,,,,,,,
2294,12/4/2013,viernes,12,2664.59,0,0,0,,,,,,,,,,,,,,,,,
2295,13/4/2013,sábado,13,2603.46,1,0,0,,,,,,,,,,,,,,,,,
2296,14/4/2013,domingo,14,2631.32,1,0,0,,,,,,,,,,,,,,,,,
2297,15/4/2013,lunes,15,2691.71,0,0,0,,,,,,,,,,,,,,,,,
2298,16/4/2013,martes,16,2568.38,0,0,0,,,,,,,,,,,,,,,,,
2299,17/4/2013,miércoles,17,2621.13,0,0,0,,,,,,,,,,,,,,,,,
2300,18/4/2013,jueves,18,2518.25,0,0,0,,,,,,,,,,,,,,,,,
2301,19/4/2013,viernes,19,2391.37,0,0,0,,,,,,,,,,,,,,,,,
2302,20/4/2013,sábado,20,2457.16,1,0,0,,,,,,,,,,,,,,,,,
2303,21/4/2013,domingo,21,2484.20,1,0,0,,,,,,,,,,,,,,,,,
2304,22/4/2013,lunes,22,2370.78,0,0,0,,,,,,,,,,,,,,,,,
2305,23/4/2013,martes,23,2443.59,0,0,0,,,,,,,,,,,,,,,,,
2306,24/4/2013,miércoles,24,2431.45,0,0,0,,,,,,,,,,,,,,,,,
2307,25/4/2013,jueves,25,2548.20,0,0,0,,,,,,,,,,,,,,,,,
2308,26/4/2013,viernes,26,2684.34,0,0,0,,,,,,,,,,,,,,,,,
2309,27/4/2013,sábado,27,2618.30,1,0,0,,,,,,,,,,,,,,,,,
2310,28/4/2013,domingo,28,2568.98,1,0,0,,,,,,,,,,,,,,,,,
2311,29/4/2013,lunes,29,2637.88,0,0,0,,,,,,,,,,,,,,,,,
2312,30/4/2013,martes,30,2596.11,0,0,0,,,,,,,,,,,,,,,,,
2313,1/5/2013,miércoles,1,2451.76,0,1,0,,,,,,,,,,,,,,,,,
2314,2/5/2013,jueves,2,2425.80,0,0,0,,,,,,,,,,,,,,,,,
2315,3/5/2013,viernes,3,2399.37,0,0,0,,,,,,,,,,,,,,,,,
2316,4/5/2013,sábado,4,2404.26,1,0,0,,,,,,,,,,,,,,,,,
2317,5/5/2013,domingo,5,2380.21,1,0,0,,,,,,,,,,,,,,,,,
2318,6/5/2013,lunes,6,2332.37,0,0,0,,,,,,,,,,,,,,,,,
2319,7/5/2013,martes,7,2440.87,0,0,0,,,,,,,,,,,,,,,,,
2320,8/5/2013,miércoles,8,2455.57,0,0,0,,,,,,,,,,,,,,,,,
2321,9/5/2013,jueves,9,2606.95,0,0,0,,,,,,,,,,,,,,,,,
2322,10/5/2013,viernes,10,2575.76,0,0,0,,,,,,,,,,,,,,,,,
2323,11/5/2013,sábado,11,2493.82,1,0,0,,,,,,,,,,,,,,,,,
2324,12/5/2013,domingo,12,2415.96,1,0,0,,,,,,,,,,,,,,,,,
2325,13/5/2013,lunes,13,2468.76,0,0,0,,,,,,,,,,,,,,,,,
2326,14/5/2013,martes,14,2507.71,0,0,0,,,,,,,,,,,,,,,,,
2327,15/5/2013,miércoles,15,2552.09,0,0,0,,,,,,,,,,,,,,,,,
2328,16/5/2013,jueves,16,2401.79,0,0,0,,,,,,,,,,,,,,,,,
2329,17/5/2013,viernes,17,2529.69,0,0,0,,,,,,,,,,,,,,,,,
2330,18/5/2013,sábado,18,2483.53,1,0,0,,,,,,,,,,,,,,,,,
2331,19/5/2013,domingo,19,2436.72,1,0,0,,,,,,,,,,,,,,,,,
2332,20/5/2013,lunes,20,2551.45,0,0,0,,,,,,,,,,,,,,,,,
2333,21/5/2013,martes,21,2486.92,0,0,0,,,,,,,,,,,,,,,,,
2334,22/5/2013,miércoles,22,2387.43,0,0,0,,,,,,,,,,,,,,,,,
2335,23/5/2013,jueves,23,2453.75,0,0,0,,,,,,,,,,,,,,,,,
2336,24/5/2013,viernes,24,2342.30,0,1,0,,,,,,,,,,,,,,,,,
2337,25/5/2013,sábado,25,2300.46,1,0,0,,,,,,,,,,,,,,,,,
2338,26/5/2013,domingo,26,2236.86,1,0,0,,,,,,,,,,,,,,,,,
2339,27/5/2013,lunes,27,2423.64,0,0,0,,,,,,,,,,,,,,,,,
2340,28/5/2013,martes,28,2435.09,0,0,0,,,,,,,,,,,,,,,,,
2341,29/5/2013,miércoles,29,2543.38,0,0,0,,,,,,,,,,,,,,,,,
2342,30/5/2013,jueves,30,2359.01,0,0,0,,,,,,,,,,,,,,,,,
2343,31/5/2013,viernes,31,2376.73,0,0,0,,,,,,,,,,,,,,,,,
2344,1/6/2013,sábado,1,2305.95,1,0,1,,,,,,,,,,,,,,,,,
2345,2/6/2013,domingo,2,2391.19,1,0,1,,,,,,,,,,,,,,,,,
2346,3/6/2013,lunes,3,2430.50,0,0,1,,,,,,,,,,,,,,,,,
2347,4/6/2013,martes,4,2549.65,0,0,1,,,,,,,,,,,,,,,,,
2348,5/6/2013,miércoles,5,2690.40,0,0,1,,,,,,,,,,,,,,,,,
2349,6/6/2013,jueves,6,2529.37,0,0,1,,,,,,,,,,,,,,,,,
2350,7/6/2013,viernes,7,2467.66,0,0,1,,,,,,,,,,,,,,,,,
2351,8/6/2013,sábado,8,2492.56,1,0,1,,,,,,,,,,,,,,,,,
2352,9/6/2013,domingo,9,2379.10,1,0,1,,,,,,,,,,,,,,,,,
2353,10/6/2013,lunes,10,2442.81,0,0,1,,,,,,,,,,,,,,,,,
2354,11/6/2013,martes,11,2474.86,0,0,1,,,,,,,,,,,,,,,,,
2355,12/6/2013,miércoles,12,2478.62,0,0,1,,,,,,,,,,,,,,,,,
2356,13/6/2013,jueves,13,2520.21,0,0,1,,,,,,,,,,,,,,,,,
2357,14/6/2013,viernes,14,2500.77,0,0,1,,,,,,,,,,,,,,,,,
2358,15/6/2013,sábado,15,2580.85,1,0,1,,,,,,,,,,,,,,,,,
2359,16/6/2013,domingo,16,2467.16,1,0,1,,,,,,,,,,,,,,,,,
2360,17/6/2013,lunes,17,2545.66,0,0,1,,,,,,,,,,,,,,,,,
2361,18/6/2013,martes,18,2624.43,0,0,1,,,,,,,,,,,,,,,,,
2362,19/6/2013,miércoles,19,2551.82,0,0,1,,,,,,,,,,,,,,,,,
2363,20/6/2013,jueves,20,2636.15,0,0,1,,,,,,,,,,,,,,,,,
2364,21/6/2013,viernes,21,2638.81,0,0,1,,,,,,,,,,,,,,,,,
2365,22/6/2013,sábado,22,2550.08,1,0,1,,,,,,,,,,,,,,,,,
2366,23/6/2013,domingo,23,2542.27,1,0,1,,,,,,,,,,,,,,,,,
2367,24/6/2013,lunes,24,2629.57,0,0,1,,,,,,,,,,,,,,,,,
2368,25/6/2013,martes,25,2483.49,0,0,1,,,,,,,,,,,,,,,,,
2369,26/6/2013,miércoles,26,2445.26,0,0,1,,,,,,,,,,,,,,,,,
2370,27/6/2013,jueves,27,2503.00,0,0,1,,,,,,,,,,,,,,,,,
2371,28/6/2013,viernes,28,2450.85,0,0,1,,,,,,,,,,,,,,,,,
2372,29/6/2013,sábado,29,2412.00,1,0,1,,,,,,,,,,,,,,,,,
2373,30/6/2013,domingo,30,2352.50,1,0,1,,,,,,,,,,,,,,,,,
2374,1/7/2013,lunes,1,2439.00,0,0,1,,,,,,,,,,,,,,,,,
2375,2/7/2013,martes,2,2449.03,0,0,1,,,,,,,,,,,,,,,,,
2376,3/7/2013,miércoles,3,2450.86,0,0,1,,,,,,,,,,,,,,,,,
2377,4/7/2013,jueves,4,2407.33,0,0,1,,,,,,,,,,,,,,,,,
2378,5/7/2013,viernes,5,2441.38,0,0,1,,,,,,,,,,,,,,,,,
2379,6/7/2013,sábado,6,2401.68,1,0,1,,,,,,,,,,,,,,,,,
2380,7/7/2013,domingo,7,2352.10,1,0,1,,,,,,,,,,,,,,,,,
2381,8/7/2013,lunes,8,2493.26,0,0,1,,,,,,,,,,,,,,,,,
2382,9/7/2013,martes,9,2442.40,0,0,1,,,,,,,,,,,,,,,,,
2383,10/7/2013,miércoles,10,2503.46,0,0,1,,,,,,,,,,,,,,,,,
2384,11/7/2013,jueves,11,2450.62,0,0,1,,,,,,,,,,,,,,,,,
2385,12/7/2013,viernes,12,2472.12,0,0,1,,,,,,,,,,,,,,,,,
2386,13/7/2013,sábado,13,2439.93,1,0,1,,,,,,,,,,,,,,,,,
2387,14/7/2013,domingo,14,2373.46,1,0,1,,,,,,,,,,,,,,,,,
2388,15/7/2013,lunes,15,2482.49,0,0,1,,,,,,,,,,,,,,,,,
2389,16/7/2013,martes,16,2502.74,0,0,1,,,,,,,,,,,,,,,,,
2390,17/7/2013,miércoles,17,2494.03,0,0,1,,,,,,,,,,,,,,,,,
2391,18/7/2013,jueves,18,2508.16,0,0,1,,,,,,,,,,,,,,,,,
2392,19/7/2013,viernes,19,2531.90,0,0,1,,,,,,,,,,,,,,,,,
2393,20/7/2013,sábado,20,2479.39,1,0,1,,,,,,,,,,,,,,,,,
2394,21/7/2013,domingo,21,2414.39,1,0,1,,,,,,,,,,,,,,,,,
2395,22/7/2013,lunes,22,2564.15,0,0,1,,,,,,,,,,,,,,,,,
2396,23/7/2013,martes,23,2592.38,0,0,1,,,,,,,,,,,,,,,,,
2397,24/7/2013,miércoles,24,2599.38,0,0,1,,,,,,,,,,,,,,,,,
2398,25/7/2013,jueves,25,2683.82,0,0,1,,,,,,,,,,,,,,,,,
2399,26/7/2013,viernes,26,2642.13,0,0,1,,,,,,,,,,,,,,,,,
2400,27/7/2013,sábado,27,2544.06,1,0,1,,,,,,,,,,,,,,,,,
2401,28/7/2013,domingo,28,2516.34,1,0,1,,,,,,,,,,,,,,,,,
2402,29/7/2013,lunes,29,2549.19,0,0,1,,,,,,,,,,,,,,,,,
2403,30/7/2013,martes,30,2640.16,0,0,1,,,,,,,,,,,,,,,,,
2404,31/7/2013,miércoles,31,2650.08,0,0,1,,,,,,,,,,,,,,,,,
2405,1/8/2013,jueves,1,2566.46,0,0,1,,,,,,,,,,,,,,,,,
2406,2/8/2013,viernes,2,2366.07,0,0,1,,,,,,,,,,,,,,,,,
2407,3/8/2013,sábado,3,2198.98,1,0,1,,,,,,,,,,,,,,,,,
2408,4/8/2013,domingo,4,2176.58,1,0,1,,,,,,,,,,,,,,,,,
2409,5/8/2013,lunes,5,2294.46,0,0,1,,,,,,,,,,,,,,,,,
2410,6/8/2013,martes,6,2246.93,0,0,1,,,,,,,,,,,,,,,,,
2411,7/8/2013,miércoles,7,2282.03,0,0,1,,,,,,,,,,,,,,,,,
2412,8/8/2013,jueves,8,2279.09,0,0,1,,,,,,,,,,,,,,,,,
2413,9/8/2013,viernes,9,2309.79,0,0,1,,,,,,,,,,,,,,,,,
2414,10/8/2013,sábado,10,2260.70,1,1,1,,,,,,,,,,,,,,,,,
2415,11/8/2013,domingo,11,2183.71,1,0,1,,,,,,,,,,,,,,,,,
2416,12/8/2013,lunes,12,2217.06,0,0,1,,,,,,,,,,,,,,,,,
2417,13/8/2013,martes,13,2258.93,0,0,1,,,,,,,,,,,,,,,,,
2418,14/8/2013,miércoles,14,2179.19,0,0,1,,,,,,,,,,,,,,,,,
2419,15/8/2013,jueves,15,2209.44,0,0,1,,,,,,,,,,,,,,,,,
2420,16/8/2013,viernes,16,2200.47,0,0,1,,,,,,,,,,,,,,,,,
2421,17/8/2013,sábado,17,2164.32,1,0,1,,,,,,,,,,,,,,,,,
2422,18/8/2013,domingo,18,2112.79,1,0,1,,,,,,,,,,,,,,,,,
2423,19/8/2013,lunes,19,2190.13,0,0,1,,,,,,,,,,,,,,,,,
2424,20/8/2013,martes,20,2198.26,0,0,1,,,,,,,,,,,,,,,,,
2425,21/8/2013,miércoles,21,2242.06,0,0,1,,,,,,,,,,,,,,,,,
2426,22/8/2013,jueves,22,2197.42,0,0,1,,,,,,,,,,,,,,,,,
2427,23/8/2013,viernes,23,2195.58,0,0,1,,,,,,,,,,,,,,,,,
2428,24/8/2013,sábado,24,2129.35,1,0,1,,,,,,,,,,,,,,,,,
2429,25/8/2013,domingo,25,2076.65,1,0,1,,,,,,,,,,,,,,,,,
2430,26/8/2013,lunes,26,2157.60,0,0,1,,,,,,,,,,,,,,,,,
2431,27/8/2013,martes,27,2185.14,0,0,1,,,,,,,,,,,,,,,,,
2432,28/8/2013,miércoles,28,2222.80,0,0,1,,,,,,,,,,,,,,,,,
2433,29/8/2013,jueves,29,2180.01,0,0,1,,,,,,,,,,,,,,,,,
2434,30/8/2013,viernes,30,2196.82,0,0,1,,,,,,,,,,,,,,,,,
2435,31/8/2013,sábado,31,2207.09,1,0,1,,,,,,,,,,,,,,,,,
2436,1/9/2013,domingo,1,2112.15,1,0,1,,,,,,,,,,,,,,,,,
2437,2/9/2013,lunes,2,2149.17,0,0,1,,,,,,,,,,,,,,,,,
2438,3/9/2013,martes,3,2185.79,0,0,1,,,,,,,,,,,,,,,,,
2439,4/9/2013,miércoles,4,2211.76,0,0,1,,,,,,,,,,,,,,,,,
2440,5/9/2013,jueves,5,2206.27,0,0,1,,,,,,,,,,,,,,,,,
2441,6/9/2013,viernes,6,2171.59,0,0,1,,,,,,,,,,,,,,,,,
2442,7/9/2013,sábado,7,2147.45,1,0,1,,,,,,,,,,,,,,,,,
2443,8/9/2013,domingo,8,2095.47,1,0,1,,,,,,,,,,,,,,,,,
2444,9/9/2013,lunes,9,2175.26,0,0,1,,,,,,,,,,,,,,,,,
2445,10/9/2013,martes,10,2207.38,0,0,1,,,,,,,,,,,,,,,,,
2446,11/9/2013,miércoles,11,2189.79,0,0,1,,,,,,,,,,,,,,,,,
2447,12/9/2013,jueves,12,2225.77,0,0,1,,,,,,,,,,,,,,,,,
2448,13/9/2013,viernes,13,2213.43,0,0,1,,,,,,,,,,,,,,,,,
2449,14/9/2013,sábado,14,2150.42,1,0,1,,,,,,,,,,,,,,,,,
2450,15/9/2013,domingo,15,2207.69,1,0,1,,,,,,,,,,,,,,,,,
2451,16/9/2013,lunes,16,2280.47,0,0,1,,,,,,,,,,,,,,,,,
2452,17/9/2013,martes,17,2292.28,0,0,1,,,,,,,,,,,,,,,,,
2453,18/9/2013,miércoles,18,2380.23,0,0,1,,,,,,,,,,,,,,,,,
2454,19/9/2013,jueves,19,2251.30,0,0,1,,,,,,,,,,,,,,,,,
2455,20/9/2013,viernes,20,2291.37,0,0,1,,,,,,,,,,,,,,,,,
2456,21/9/2013,sábado,21,2258.44,1,0,1,,,,,,,,,,,,,,,,,
2457,22/9/2013,domingo,22,2240.19,1,0,1,,,,,,,,,,,,,,,,,
2458,23/9/2013,lunes,23,2347.83,0,0,1,,,,,,,,,,,,,,,,,
2459,24/9/2013,martes,24,2460.69,0,0,1,,,,,,,,,,,,,,,,,
2460,25/9/2013,miércoles,25,2406.36,0,0,1,,,,,,,,,,,,,,,,,
2461,26/9/2013,jueves,26,2401.43,0,0,1,,,,,,,,,,,,,,,,,
2462,27/9/2013,viernes,27,2388.75,0,0,1,,,,,,,,,,,,,,,,,
2463,28/9/2013,sábado,28,2330.08,1,0,1,,,,,,,,,,,,,,,,,
2464,29/9/2013,domingo,29,2335.66,1,0,1,,,,,,,,,,,,,,,,,
2465,30/9/2013,lunes,30,2315.20,0,0,1,,,,,,,,,,,,,,,,,
2466,1/10/2013,martes,1,2157.46,0,0,0,,,,,,,,,,,,,,,,,
2467,2/10/2013,miércoles,2,2287.53,0,0,0,,,,,,,,,,,,,,,,,
2468,3/10/2013,jueves,3,2255.04,0,0,0,,,,,,,,,,,,,,,,,
2469,4/10/2013,viernes,4,2235.88,0,0,0,,,,,,,,,,,,,,,,,
2470,5/10/2013,sábado,5,2204.09,1,0,0,,,,,,,,,,,,,,,,,
2471,6/10/2013,domingo,6,2168.01,1,0,0,,,,,,,,,,,,,,,,,
2472,7/10/2013,lunes,7,2254.16,0,0,0,,,,,,,,,,,,,,,,,
2473,8/10/2013,martes,8,2396.67,0,0,0,,,,,,,,,,,,,,,,,
2474,9/10/2013,miércoles,9,2322.10,0,1,0,,,,,,,,,,,,,,,,,
2475,10/10/2013,jueves,10,2258.50,0,0,0,,,,,,,,,,,,,,,,,
2476,11/10/2013,viernes,11,2170.64,0,0,0,,,,,,,,,,,,,,,,,
2477,12/10/2013,sábado,12,2127.31,1,0,0,,,,,,,,,,,,,,,,,
2478,13/10/2013,domingo,13,2107.66,1,0,0,,,,,,,,,,,,,,,,,
2479,14/10/2013,lunes,14,2086.08,0,0,0,,,,,,,,,,,,,,,,,
2480,15/10/2013,martes,15,2073.21,0,0,0,,,,,,,,,,,,,,,,,
2481,16/10/2013,miércoles,16,2104.77,0,0,0,,,,,,,,,,,,,,,,,
2482,17/10/2013,jueves,17,2057.54,0,0,0,,,,,,,,,,,,,,,,,
2483,18/10/2013,viernes,18,2136.15,0,0,0,,,,,,,,,,,,,,,,,
2484,19/10/2013,sábado,19,2164.24,1,0,0,,,,,,,,,,,,,,,,,
2485,20/10/2013,domingo,20,2235.49,1,0,0,,,,,,,,,,,,,,,,,
2486,21/10/2013,lunes,21,2209.81,0,0,0,,,,,,,,,,,,,,,,,
2487,22/10/2013,martes,22,2080.76,0,0,0,,,,,,,,,,,,,,,,,
2488,23/10/2013,miércoles,23,2142.98,0,0,0,,,,,,,,,,,,,,,,,
2489,24/10/2013,jueves,24,2186.05,0,0,0,,,,,,,,,,,,,,,,,
2490,25/10/2013,viernes,25,2232.61,0,0,0,,,,,,,,,,,,,,,,,
2491,26/10/2013,sábado,26,2243.61,1,0,0,,,,,,,,,,,,,,,,,
2492,27/10/2013,domingo,27,2187.30,1,0,0,,,,,,,,,,,,,,,,,
2493,28/10/2013,lunes,28,2236.39,0,0,0,,,,,,,,,,,,,,,,,
2494,29/10/2013,martes,29,2306.55,0,0,0,,,,,,,,,,,,,,,,,
2495,30/10/2013,miércoles,30,2427.53,0,0,0,,,,,,,,,,,,,,,,,
2496,31/10/2013,jueves,31,2407.79,0,0,0,,,,,,,,,,,,,,,,,
2497,1/11/2013,viernes,1,2318.26,0,0,0,,,,,,,,,,,,,,,,,
2498,2/11/2013,sábado,2,2351.25,1,1,0,,,,,,,,,,,,,,,,,
2499,3/11/2013,domingo,3,2341.83,1,1,0,,,,,,,,,,,,,,,,,
2500,4/11/2013,lunes,4,2483.87,0,0,0,,,,,,,,,,,,,,,,,
2501,5/11/2013,martes,5,2585.66,0,0,0,,,,,,,,,,,,,,,,,
2502,6/11/2013,miércoles,6,2458.41,0,0,0,,,,,,,,,,,,,,,,,
2503,7/11/2013,jueves,7,2432.85,0,0,0,,,,,,,,,,,,,,,,,
2504,8/11/2013,viernes,8,2522.50,0,0,0,,,,,,,,,,,,,,,,,
2505,9/11/2013,sábado,9,2414.99,1,0,0,,,,,,,,,,,,,,,,,
2506,10/11/2013,domingo,10,2475.20,1,0,0,,,,,,,,,,,,,,,,,
2507,11/11/2013,lunes,11,2575.94,0,0,0,,,,,,,,,,,,,,,,,
2508,12/11/2013,martes,12,2530.97,0,0,0,,,,,,,,,,,,,,,,,
2509,13/11/2013,miércoles,13,2564.23,0,0,0,,,,,,,,,,,,,,,,,
2510,14/11/2013,jueves,14,2567.27,0,0,0,,,,,,,,,,,,,,,,,
2511,15/11/2013,viernes,15,2574.18,0,0,0,,,,,,,,,,,,,,,,,
2512,16/11/2013,sábado,16,2483.86,1,0,0,,,,,,,,,,,,,,,,,
2513,17/11/2013,domingo,17,2558.73,1,0,0,,,,,,,,,,,,,,,,,
2514,18/11/2013,lunes,18,2272.15,0,0,0,,,,,,,,,,,,,,,,,
2515,19/11/2013,martes,19,2403.45,0,0,0,,,,,,,,,,,,,,,,,
2516,20/11/2013,miércoles,20,2504.73,0,0,0,,,,,,,,,,,,,,,,,
2517,21/11/2013,jueves,21,2482.72,0,0,0,,,,,,,,,,,,,,,,,
2518,22/11/2013,viernes,22,2532.85,0,0,0,,,,,,,,,,,,,,,,,
2519,23/11/2013,sábado,23,2485.22,1,0,0,,,,,,,,,,,,,,,,,
2520,24/11/2013,domingo,24,2406.43,1,0,0,,,,,,,,,,,,,,,,,
2521,25/11/2013,lunes,25,2555.52,0,0,0,,,,,,,,,,,,,,,,,
2522,26/11/2013,martes,26,2509.32,0,0,0,,,,,,,,,,,,,,,,,
2523,27/11/2013,miércoles,27,2548.49,0,0,0,,,,,,,,,,,,,,,,,
2524,28/11/2013,jueves,28,2502.00,0,0,0,,,,,,,,,,,,,,,,,
2525,29/11/2013,viernes,29,2522.19,0,0,0,,,,,,,,,,,,,,,,,
2526,30/11/2013,sábado,30,2492.91,1,0,0,,,,,,,,,,,,,,,,,
2527,1/12/2013,domingo,1,2621.87,1,0,0,,,,,,,,,,,,,,,,,
2528,2/12/2013,lunes,2,2648.32,0,0,0,,,,,,,,,,,,,,,,,
2529,3/12/2013,martes,3,2589.44,0,0,0,,,,,,,,,,,,,,,,,
2530,4/12/2013,miércoles,4,2588.97,0,0,0,,,,,,,,,,,,,,,,,
2531,5/12/2013,jueves,5,2591.83,0,0,0,,,,,,,,,,,,,,,,,
2532,6/12/2013,viernes,6,2525.35,0,1,0,,,,,,,,,,,,,,,,,
2533,7/12/2013,sábado,7,2519.87,1,0,0,,,,,,,,,,,,,,,,,
2534,8/12/2013,domingo,8,2446.99,1,0,0,,,,,,,,,,,,,,,,,
2535,9/12/2013,lunes,9,2442.23,0,0,0,,,,,,,,,,,,,,,,,
2536,10/12/2013,martes,10,2465.65,0,0,0,,,,,,,,,,,,,,,,,
2537,11/12/2013,miércoles,11,2462.14,0,0,0,,,,,,,,,,,,,,,,,
2538,12/12/2013,jueves,12,2509.70,0,0,0,,,,,,,,,,,,,,,,,
2539,13/12/2013,viernes,13,2562.77,0,0,0,,,,,,,,,,,,,,,,,
2540,14/12/2013,sábado,14,2535.08,1,0,0,,,,,,,,,,,,,,,,,
2541,15/12/2013,domingo,15,2535.59,1,0,0,,,,,,,,,,,,,,,,,
2542,16/12/2013,lunes,16,2568.62,0,0,0,,,,,,,,,,,,,,,,,
2543,17/12/2013,martes,17,2517.23,0,0,0,,,,,,,,,,,,,,,,,
2544,18/12/2013,miércoles,18,2487.80,0,0,0,,,,,,,,,,,,,,,,,
2545,19/12/2013,jueves,19,2478.32,0,0,0,,,,,,,,,,,,,,,,,
2546,20/12/2013,viernes,20,2497.06,0,0,0,,,,,,,,,,,,,,,,,
2547,21/12/2013,sábado,21,2523.05,1,0,0,,,,,,,,,,,,,,,,,
2548,22/12/2013,domingo,22,2447.64,1,0,0,,,,,,,,,,,,,,,,,
2549,23/12/2013,lunes,23,2553.06,0,0,0,,,,,,,,,,,,,,,,,
2550,24/12/2013,martes,24,2491.44,0,0,0,,,,,,,,,,,,,,,,,
2551,25/12/2013,miércoles,25,2477.87,0,1,0,,,,,,,,,,,,,,,,,
2552,26/12/2013,jueves,26,2581.12,0,0,0,,,,,,,,,,,,,,,,,
2553,27/12/2013,viernes,27,2536.29,0,0,0,,,,,,,,,,,,,,,,,
2554,28/12/2013,sábado,28,2525.81,1,0,0,,,,,,,,,,,,,,,,,
2555,29/12/2013,domingo,29,2448.70,1,0,0,,,,,,,,,,,,,,,,,
2556,30/12/2013,lunes,30,2476.18,0,0,0,,,,,,,,,,,,,,,,,
2557,31/12/2013,martes,31,2498.88,0,0,0,,,,,,,,,,,,,,,,,
,,,,,,,,,,,,,,,,,,,,,,,,
,,,,,,,,,,,,,,,,,,,,,,,,
,,,,,,,,,,,,,,,,,,,,,,,,
,,,,,,,,,,,,,,,,,,,,,,,,
,,,,,,,,,,,,,,,,,,,,,,,,
,,,,,,,,,,,,,,,,,,,,,,,,
,,,,,,,,,,,,,,,,,,,,,,,,
,,,,,,,,,,,,,,,,,,,,,,,,
,,,,,,,,,,,,,,,,,,,,,,,,
,,,,,,,,,,,,,,,,,,,,,,,,
,,,,,,,,,,,,,,,,,,,,,,,,
,,,,,,,,,,,,,,,,,,,,,,,,
,,,,,,,,,,,,,,,,,,,,,,,,
,,,,,,,,,,,,,,,,,,,,,,,,
,,,,,,,,,,,,,,,,,,,,,,,,
,,,,,,,,,,,,,,,,,,,,,,,,
,,,,,,,,,,,,,,,,,,,,,,,,
,,,,,,,,,,,,,,,,,,,,,,,,
